UI_20150317_000001	{@st41b}可以跟各職業大師{nl}學習特性。{/}
UI_20150317_000002	{@st43}特性清單{/}
UI_20150317_000003	{@st59}關閉特性清單。{/}
UI_20150317_000004	{@st43}學習特性{/}
UI_20150317_000005	{@st59}關閉特性視窗。{/}
UI_20150317_000006	{@st41b}所持金錢{/}
UI_20150317_000007	我的成就
UI_20150317_000008	伺服器排名
UI_20150317_000009	{@st59}有突發活動。{/}
UI_20150317_000010	{@st59}有小幫手喔！{/}
UI_20150317_000011	{@st41}您要製作什麼種類的箭矢？{/}
UI_20150317_000012	{@st41b}僅一次{/}
UI_20150317_000013	{@st41b}全部{/}
UI_20150317_000014	{@st41b}中斷{/}
UI_20150317_000015	{@st43}冒險日誌{/}
UI_20150317_000016	{@st43}拍賣場{/}
UI_20150317_000017	{@st59}關閉拍賣場。{/}
UI_20150317_000018	{memo X}{@st41b}得標物品：%s個,  流標物品：%s個{/}
UI_20150317_000019	{@st43}{s22}拍賣道具{/}
UI_20150317_000020	{@st59}關閉任務情報。{/}
UI_20150317_000021	Availest
UI_20150317_000022	{@st41b}剩餘時間
UI_20150317_000023	3小時 16分
UI_20150317_000024	{@st41b}起標價格
UI_20150317_000025	{@st41b}投標數量
UI_20150317_000026	{@st41b}目前價格
UI_20150317_000027	{@st41b}投標金額
UI_20150317_000028	{@st41b}最低可投標金額為{@st57}%s {@st41b}銀幣{/}
UI_20150317_000029	{@st41b}投標{/}
UI_20150317_000030	{@st43b}立即購買！{nl}{img icon_item_silver 20 20}{@st57}%s{/}
UI_20150317_000031	{@st44}設定權限{/}
UI_20150317_000032	{@st45}名稱：%s{/}
UI_20150317_000033	{@st45}隊伍倉庫{/}
UI_20150317_000034	{@st49}無
UI_20150317_000035	{@st49}放入
UI_20150317_000036	{@st49}取出
UI_20150317_000037	{@st45}問卷{/}
UI_20150317_000038	{@st49}撰寫
UI_20150317_000039	{@st49}刪除
UI_20150317_000040	{@st44}儲存{/}
UI_20150317_000041	{@st44}取消{/}
UI_20150317_000042	{@st43}{s22}造型屋{/}
UI_20150317_000043	{@st59}上一個髮型{/}
UI_20150317_000044	{@st59}下一個髮型{/}
UI_20150317_000045	{@st41b}變更{s18}(需要TP 100){/}
UI_20150317_000046	{@st59}變更為您選擇的髮型。{/}
UI_20150317_000047	{@st41}解約
UI_20150317_000048	{@st43}黑市{/}
UI_20150317_000049	書名
UI_20150317_000050	{@st59}停止閱讀。{/}
UI_20150317_000051	{@st59}上一頁{/}
UI_20150317_000052	{@st59}下一頁{/}
UI_20150317_000053	{@st47}%s 登場！！
UI_20150317_000054	{@st43}分數{/}
UI_20150317_000055	所受傷害
UI_20150317_000056	技術紅利
UI_20150317_000057	迴避紅利
UI_20150317_000058	通過時間
UI_20150317_000059	總分
UI_20150317_000060	{@st42}經過時間
UI_20150317_000061	10分
UI_20150317_000062	10秒
UI_20150317_000063	{memo X}{@st44}結束
UI_20150317_000064	{@st59}關閉自動販賣機。{/}
UI_20150317_000065	{@st43}BUFF自動販賣機
UI_20150317_000066	自動販賣機名稱
UI_20150317_000067	{memo X}{@st43}登錄
UI_20150317_000068	{memo X}{@st43}取消
UI_20150317_000069	BUFF自動販賣機
UI_20150317_000070	{@st59}關閉BUFF自動販賣機。
UI_20150317_000071	{@st59}BUFF自動販賣機{nl} - 支付銀幣後該玩家即可獲得BUFF效果。
UI_20150317_000072	馬車選單
UI_20150317_000073	{ol}{s22}下車{/}
UI_20150317_000074	挑選
UI_20150317_000075	{@st43}遊戲設定{/}
UI_20150317_000076	{@st64}請輸入方向鍵並選擇儲存格！
UI_20150317_000077	{@st43}轉職情報{/}
UI_20150317_000078	{@st43}選擇職業
UI_20150317_000079	意志力
UI_20150317_000080	{@st42}%s 階{/}
UI_20150317_000081	幾階
UI_20150317_000082	此處會顯示職業簡單的說明。
UI_20150317_000083	{@st41b}攻擊力 {@sti7}%s{/}
UI_20150317_000084	{@st41b}輔助    {@sti7}%s{/}
UI_20150317_000085	{@st41b}難易度 {@sti7}%s{/}
UI_20150317_000086	{@st59}關閉職業資訊視窗。{/}
UI_20150317_000087	可轉職通知
UI_20150317_000088	{@st43}轉職
UI_20150317_000089	{@sti7}{s14}角色{/}
UI_20150317_000090	{@sti8}{s14}職業{/}
UI_20150317_000091	{@st44}聊天{/}
UI_20150317_000092	To. WWWWWWWW 之外 1
UI_20150317_000093	一般：/s 內容{nl}大喊：/y 內容{nl}組隊：/p 內容{nl}密語：/w 角色名稱 內容
UI_20150317_000094	{@st41}一般對話{/}
UI_20150317_000095	{@59}結束{/}
UI_20150317_000096	{@59}邀請{/}
UI_20150317_000097	{@st59}全體{/}
UI_20150317_000098	{@st59}一般  (/s 內容){/}
UI_20150317_000099	{@st59}大喊  (/y 內容){/}
UI_20150317_000100	{@st59}組隊  (/p 內容){/}
UI_20150317_000101	{@st59}密語   (/w 隊伍名稱 內容){/}
UI_20150317_000102	{@st59}調節聊天視窗尺寸{/}
UI_20150317_000103	{@st43}{s22}聊天指令{/}
UI_20150317_000104	{@st43}指令{/}
UI_20150317_000105	{@st59b}指令{nl}{@st59s} - 使用方法：{nl} 1. 將上方的動作圖示登錄在下方的動作欄位上。{nl} 2. 輸入句子後儲存。{nl} 3. 使用該快捷鍵，對話和動作同時出現。{/}
UI_20150317_000106	{@st59}關閉指令。{/}
UI_20150317_000107	{@st41b}儲存{/}
UI_20150317_000108	{@st59}儲存登錄的內容。{/}
UI_20150317_000109	{@st41b}取消{/}
UI_20150317_000110	{@st59}取消登錄的內容。{/}
UI_20150317_000111	{@st42}聊天設定
UI_20150317_000112	{@st42}透明度
UI_20150317_000113	顯示對話框
UI_20150317_000114	畫面上方顯示大喊內容
UI_20150317_000115	{@st43}指令清單{/}
UI_20150317_000116	{@st42b}  道具  {/}
UI_20150317_000117	{@st42b}  怪物  {/}
UI_20150317_000118	{@st42b}  地圖移動  {/}
UI_20150317_000119	{@st42b}  戰鬥命令  {/}
UI_20150317_000120	{@st41b}關閉{/}
UI_20150317_000121	{s16}{b}透過雙點擊或是生成按鍵，可以生出道具。
UI_20150317_000122	{s16}{b}個
UI_20150317_000123	{s16}{b}等級
UI_20150317_000124	{@st41b}檢索{/}
UI_20150317_000125	{s16}{b}透過雙點擊或是生成按鍵，可以召喚怪物。
UI_20150317_000126	{s16}{b}隻
UI_20150317_000127	{s16}{b}請選擇想要的地區。
UI_20150317_000128	{s18}{b}查看迷你地圖{/}
UI_20150317_000129	{@st41b}工具清單{/}
UI_20150317_000130	{@st59b}圖鑑{nl}{@st59s} - 取得遊戲內的圖鑑卡片組就可以收集該道具。{nl} - 使用圖鑑卡片組道具時，圖鑑快捷鍵會活性化。{nl}{/}
UI_20150317_000131	{@st59}關閉圖鑑情報。{/}
UI_20150317_000132	{@st43}圖鑑{/}
UI_20150317_000133	{@st43}顏色噴槍{/}
UI_20150317_000134	{@st49}顏色噴槍{/}
UI_20150317_000135	{@st49}顏色{/}
UI_20150317_000136	{@st49}殘量{/}
UI_20150317_000137	{@st49}刷筆{/}
UI_20150317_000138	{@st49}{a END_EDIT_SPRAY}繪圖{/}{/}
UI_20150317_000139	{@st49}{a SAVE_EDIT_SPRAY}儲存{/}{/}
UI_20150317_000140	{@st49}{a LOAD_EDIT_SPRAY}輸入{/}{/}
UI_20150317_000141	{@st49}關閉{/}
UI_20150317_000142	{@st43}領養寵物
UI_20150317_000143	{@st59}請輸入要領養的寵物名字。{/}
UI_20150317_000144	{@st41b}名字{/}
UI_20150317_000145	{@st41b}價格     %s{/}
UI_20150317_000146	{@st59}關閉寵物領養視窗。{/}
UI_20150317_000147	{@st41b}領養
UI_20150317_000148	{@st59}決定要領養的寵物。{/}
UI_20150317_000149	{@st43}寵物商店
UI_20150317_000150	{@st59}關閉寵物商店。{/}
UI_20150317_000151	{@st43}其他角色情報{/} {@st42}
UI_20150317_000152	{@st59}關閉角色情報。{/}
UI_20150317_000153	{@st41b}情報
UI_20150317_000154	{@st41b}記錄
UI_20150317_000155	隊伍名稱
UI_20150317_000156	角色名稱
UI_20150317_000157	{#ffff00}%s{/}名次 %s {#ffff00}%s{/}等級
UI_20150317_000158	젼샤
UI_20150317_000159	冒險指數 {#ffff00}%s{/} ({#ffff00}%s{/}名/%s)
UI_20150317_000160	冒險指數 {#ffff00}%s{/} ({#ffff00}Unranked{/})
UI_20150317_000161	成就達成 {#ffff00}%s{/}個
UI_20150317_000162	設定
UI_20150317_000163	當清除並確認分頁標題時，分頁會被刪除。
UI_20150317_000164	{@st49}全體{/}
UI_20150317_000165	{@st49}系統{/}
UI_20150317_000166	{@st49}對話{/}
UI_20150317_000167	{@st49}戰鬥{/}
UI_20150317_000168	{@st49}道具{/}
UI_20150317_000169	{@st43}製作團隊{/}
UI_20150317_000170	{@st43}固定目標設定中{/}
UI_20150317_000171	NPC名稱
UI_20150317_000172	比較
UI_20150317_000173	插圖
UI_20150317_000174	選擇對話
UI_20150317_000175	Text Help
UI_20150317_000176	{@st41}道具製造{/}
UI_20150317_000177	{@st45tw2}道具製作中…
UI_20150317_000178	%r 秒
UI_20150317_000179	{@st41}取消{/}
UI_20150317_000180	{@st45tw2}數量 {/}
UI_20150317_000181	{@st45tw2}您要製作道具嗎？
UI_20150317_000182	{@st41}決定{/}
UI_20150317_000183	任務情報
UI_20150317_000184	{@st59}取消交易。{/}
UI_20150317_000185	{@st43}個人交易{/}
UI_20150317_000186	我的交易目錄
UI_20150317_000187	銀幣：%s
UI_20150317_000188	輸入
UI_20150317_000189	{@st41}接受
UI_20150317_000190	{@st41}最終確認
UI_20150317_000191	對方(%s) 交易目錄
UI_20150317_000192	對方名稱
UI_20150317_000193	{s18}{ol}{gr gradation1}野外活動{/}
UI_20150317_000194	{s20}{ol}擊退布貝族！您要參加嗎？
UI_20150317_000195	{s20}{ol}%s 您要參加嗎？
UI_20150317_000196	{s20}{ol}參加人數：(1/5)
UI_20150317_000197	{s20}{ol}參加人數：(%s/%s)
UI_20150317_000198	{s20}{ol}1秒後遊戲開始。
UI_20150317_000199	{s20}{ol}%s秒後遊戲開始。
UI_20150317_000200	今日不再顯示。
UI_20150317_000201	不查看野外活動。
UI_20150317_000202	參與遊戲
UI_20150317_000203	和玩家們開始進行遊戲。
UI_20150317_000204	不參與遊戲。
UI_20150317_000205	預設噴槍
UI_20150317_000206	{@st49}選擇{/}
UI_20150317_000207	{@st49}取消{/}
UI_20150317_000208	{@st49}刪除{/}
UI_20150317_000209	請輸入要儲存檔案的名稱。
UI_20150317_000210	{@st43}好友
UI_20150317_000211	{@st59}關閉好友目錄。{/}
UI_20150317_000212	{@st59b}好友{nl}{@st59s} - 好友關係是創建在帳號之間{nl} - 在目錄分頁可確認/刪除好友們的狀態{nl} - 在管理分頁確認邀請、拒絕、封鎖等內容{/}
UI_20150317_000213	{@st41b}只顯示連線的好友{/}
UI_20150317_000214	{@st41b}目錄
UI_20150317_000215	{@st41b}管理
UI_20150317_000216	{@st41b}好友申請
UI_20150317_000217	{@st41b}封鎖
UI_20150317_000218	{@st59}檢索{/}
UI_20150317_000219	{@st44}公會{/}
UI_20150317_000220	公會
UI_20150317_000221	名單
UI_20150317_000222	新消息
UI_20150317_000223	公會任務
UI_20150317_000224	連線中的成員人數
UI_20150317_000225	{@st44}創建公會{/}
UI_20150317_000226	{@st42}創建{/}
UI_20150317_000227	{@st42}關閉{/}
UI_20150317_000228	{@st42}全體/}
UI_20150317_000229	{@st42}今日排名{/}
UI_20150317_000230	{@st42}週排名{/}
UI_20150317_000231	{@st56}順位{/}
UI_20150317_000232	{@st56}分數{/}
UI_20150317_000233	{@st56}職業{/}
UI_20150317_000234	{@st56}名字{/}
UI_20150317_000235	上一頁
UI_20150317_000236	下一頁
UI_20150317_000237	{@st42}ID 檢索{/}
UI_20150317_000238	檢索輸入的 ID。
UI_20150317_000239	關閉名譽殿堂。
UI_20150317_000240	輸入要檢索的 ID。
UI_20150317_000241	{@st59}耐力{/}
UI_20150317_000242	{@st43}小幫手目錄{/}
UI_20150317_000243	{@st59}關閉小幫手目錄視窗。{/}
UI_20150317_000244	{@st59b}小幫手目錄{nl}{@st59s} - 可在目錄上再次確認讀取過的小幫手內容。{nl} - 選擇想要確認的項目並詳細查看。{/}
UI_20150317_000245	{@st43}{s22}小幫手{/}
UI_20150317_000246	{@st47_b}{b}小幫手標題{/}
UI_20150317_000247	{@st42b}簡單小幫手內容{/}
UI_20150317_000248	{@st59}詳細查看{/}
UI_20150317_000249	請輸入數量。
UI_20150317_000250	{@st59}輸入內容。{/}
UI_20150317_000251	{@st41b}確認
UI_20150317_000252	{@st59}確認輸入內容。{/}
UI_20150317_000253	{@st41b}關閉
UI_20150317_000254	{@st59}取消輸入。{/}
UI_20150317_000255	{@st43}傳送點{/}
UI_20150317_000256	{@st59}關閉傳送點視窗。{/}
UI_20150317_000257	{@st59b}傳送點{nl}{@st59s} - 可以傳送至自己訪問過地區的系統。{nl} - 當傳送點有2個以上時，傳送點功能活性化。{nl}{/}
UI_20150317_000258	{@st41}目前位置：%s{/}
UI_20150317_000259	{@st43}{s22}傳送點{/}
UI_20150317_000260	{@st41b}您要移動到這個地區嗎？{/}
UI_20150317_000261	사울레이 어쩌고
UI_20150317_000262	消耗硬幣：0
UI_20150317_000263	序曲
UI_20150317_000264	{@st43}背包{/}
UI_20150317_000265	{@st59}關閉背包。{/}
UI_20150317_000266	{@st59b}穿戴裝備{nl}{@st59s} - 髮型/套裝：穿戴可變更外型道具。{nl} - 武器：可配戴單手裝備及雙手裝備。{nl}   (配戴單手裝備時，可配戴副武器/盾牌。 ){nl} - 防具：穿戴上衣、下衣、手套、鞋子。{nl} -飾品：配戴 1個項鍊、2個手環。{nl}{/}
UI_20150317_000267	{@st59}頭飾 1{/}
UI_20150317_000268	{@st59}頭飾 2{/}
UI_20150317_000269	{@st59}項鍊{/}
UI_20150317_000270	{@st59}套裝{/}
UI_20150317_000271	{@st59}上衣{/}
UI_20150317_000272	{@st59}手套{/}
UI_20150317_000273	{@st59}下衣{/}
UI_20150317_000274	{@st59}鞋子{/}
UI_20150317_000275	{@st59}左手{/}
UI_20150317_000276	{@st59}右手{/}
UI_20150317_000277	{@st59}手環 1{/}
UI_20150317_000278	{@st59}手環 2{/}
UI_20150317_000279	{@st59}臂環{/}
UI_20150317_000280	{@st59}檢索輸入的名稱。{/}
UI_20150317_000281	重量
UI_20150317_000282	{@st43}裝備BUFF{/}
UI_20150317_000283	{@st59}關備修理 UI。{/}
UI_20150317_000284	{@st42}BUFF可裝備目錄
UI_20150317_000285	{@st42}消耗道具{/}
UI_20150317_000286	{@st42}執行
UI_20150317_000287	{@st42}目標道具{/}
UI_20150317_000288	{@st59}戒指 1{/}
UI_20150317_000289	{@st43}道具製作{/}
UI_20150317_000290	{@st42b}只顯示有材料的{/}
UI_20150317_000291	{@st59}關閉道具製作。{/}
UI_20150317_000292	{@st43}{s22}分享道具
UI_20150317_000293	{@st59}請輸入數量。{/}
UI_20150317_000294	怪物體力量條
UI_20150317_000295	{@st44}獲得組合道具{/}
UI_20150317_000296	鍵盤戰士
UI_20150317_000297	擊殺
UI_20150317_000298	99分 99秒
UI_20150317_000299	38000 分
UI_20150317_000300	已提升的神速藥水
UI_20150317_000301	{@st41}確認{/}
UI_20150317_000302	{@st59b}冒險日誌{nl}{@st59s} - 自己的進行情報記錄在冒險日誌上。{nl} - 可以透過獲得道具、狩獵怪物、製作、地圖探險、進行內容來獲得冒險指數。{nl}    冒險指數：其它所有指數的總合。{nl}    成長：每個等級和每個職業等級 5點。{nl}    道具：裝備：等級 X 10點、書：10點、其它：1點{nl}    怪物：每個怪物10點 (BOSS：50點){nl}    地區探索：每10%1點{nl}    任務：每個任務 1點{nl}    成就：不同成就不同點數{nl}    製作法：每個 10點{nl}    圖鑑：卡片組 5點、完成 45點{nl} - 根據所獲得的冒險指數可以從村莊 NPC那裡獲得獎勵。{/}
UI_20150317_000303	{@sti7}{s22}{ds}冒險指數達成度{/}
UI_20150317_000304	{@st42b}{#22FF22}頂極 10% / %s點{/}
UI_20150317_000305	{@st42b}全體平均 /  %s點{/}
UI_20150317_000306	第1名 / %s點
UI_20150317_000307	第%s名
UI_20150317_000308	%s點
UI_20150317_000309	職業
UI_20150317_000310	隊伍
UI_20150317_000311	{@st59}關閉冒險日誌。{/}
UI_20150317_000312	{@st43}冒險日誌排名{/}
UI_20150317_000313	{@st43}{s22}排名
UI_20150317_000314	{@st43}{s22}名字
UI_20150317_000315	{@st43}{s22}點數
UI_20150317_000316	{@st41}詳細情報{/}
UI_20150317_000317	{@st43}開始製作{/}
UI_20150317_000318	{@st59}開始製作道具。{/}
UI_20150317_000319	{@st44}keypad{/}
UI_20150317_000320	{@st42}限制時間
UI_20150317_000321	{@st56}擊殺{/}
UI_20150317_000322	{@st56}屠殺{/}
UI_20150317_000323	{@st56}被攻擊{/}
UI_20150317_000324	{@st56}死亡{/}
UI_20150317_000325	咒語力
UI_20150317_000326	防禦力
UI_20150317_000327	魔法扺抗力
UI_20150317_000328	暴擊率
UI_20150317_000329	{@st43}鑲嵌槽管理{/}
UI_20150317_000330	{@st59}關閉鑲嵌槽管理。{/}
UI_20150317_000331	請放上道具。
UI_20150317_000332	潛力
UI_20150317_000333	新增鑲嵌槽費用：{#ff9933}%s{/}{nl}寶石萃取費用：{#ff9933}%s{/}
UI_20150317_000334	{@st41b}新增鑲嵌槽
UI_20150317_000335	{@st41b}萃取寶石
UI_20150317_000336	{@st41}製造{/}
UI_20150317_000337	{@st41}%s  %s 個
UI_20150317_000338	地區地圖
UI_20150317_000339	探勘率：95.5%
UI_20150317_000340	{@st45tw}探勘率 %s%{/}
UI_20150317_000341	{@st59}關閉地圖。(M){/}
UI_20150317_000342	{@st41}地圖{/}
UI_20150317_000343	Shift(清除)、Ctrl(中間填滿)
UI_20150317_000344	{ol}標題
UI_20150317_000345	{@st41}新增{/}
UI_20150317_000346	{@st41}刪除{/}
UI_20150317_000347	{@st41}儲存{/}
UI_20150317_000348	{@st41}自動{/}
UI_20150317_000349	{@st41}初始化{/}
UI_20150317_000350	{@st59}設定碎片的數量。{/}
UI_20150317_000351	{ol}群組
UI_20150317_000352	{ol}訊息
UI_20150317_000353	{ol}聲音
UI_20150317_000354	{@st41}迷你地圖製作{/}
UI_20150317_000355	{@st55}地區地圖
UI_20150317_000356	{@st43}{s22}市場{/}
UI_20150317_000357	{@st43}{s24}市場{/}
UI_20150317_000358	{@st42b}系列{/}
UI_20150317_000359	{@st42b}類型{/}
UI_20150317_000360	{@st42b}穿戴等級{/}
UI_20150317_000361	{@st42b}強化數值{/}
UI_20150317_000362	{@st42b}名稱
UI_20150317_000363	{@st41b}道具領取箱%s
UI_20150317_000364	{@st41b}登錄販賣
UI_20150317_000365	{@st41b}檢索
UI_20150317_000366	{@st59}關閉市場視窗。{/}
UI_20150317_000367	{@st42b}顯示順序
UI_20150317_000368	{@st41b}販賣中的道具
UI_20150317_000369	{@st43}{s22}道具領取箱
UI_20150317_000370	{@st41b}全部獲得
UI_20150317_000371	{@st41b}道具領取箱
UI_20150317_000372	{@st43}{s22}登錄販賣
UI_20150317_000373	{@st42b}數量
UI_20150317_000374	{@st42b}價格
UI_20150317_000375	{@st42b}販賣者非公開{/}
UI_20150317_000376	{@st41b}登錄
UI_20150317_000377	攻城戰硬幣
UI_20150317_000378	某人處置了某人。
UI_20150317_000379	{@st43}迷你遊戲{/}
UI_20150317_000380	{@st49}投石器發射{/}
UI_20150317_000381	{@st44}調節方向{/}
UI_20150317_000382	{@st44}發射{/}
UI_20150317_000383	迷你遊戲
UI_20150317_000384	{s18}{ol}{gr gradation1}冰塊 叮！迷你遊戲{/}
UI_20150317_000385	{s16}您要參與迷你遊戲嗎？
UI_20150317_000386	{s16}參加人數：(0/5)
UI_20150317_000387	{s16}參加人數：(%s/%s)
UI_20150317_000388	{s16}1秒後遊戲開始。
UI_20150317_000389	{s16}%s秒後遊戲開始。
UI_20150317_000390	{@st59}放大{/}
UI_20150317_000391	{@st59}縮小{/}
UI_20150317_000392	{@st59}地圖 (M){/}
UI_20150317_000393	{@st42b}地區地圖
UI_20150317_000394	{@st44}道具合成機{/}
UI_20150317_000395	{s16}{#FFcc66}{ol}請選擇要製作的道具。{/}{/}
UI_20150317_000396	{s16}{#FFcc66}{ol}請將材料道具拖曳至欄位。
UI_20150317_000397	{@st42}製作{/}
UI_20150317_000398	{@st42}取消{/}
UI_20150317_000399	%s的情報
UI_20150317_000400	케파라던가
UI_20150317_000401	{@st41}{詳細情報}
UI_20150317_000402	{s20}{#050505}怪物說明內容 怪物說明內容 怪物說明內容 怪物說明內容
UI_20150317_000403	{@st41} 擊殺 {/}
UI_20150317_000404	{@st41} 屠殺 {/}
UI_20150317_000405	{@st41} 一般擊殺 {/}
UI_20150317_000406	{@st41} 地區 {/}
UI_20150317_000407	{@st41} 道具 {/}
UI_20150317_000408	{@st41} 成就 {/}
UI_20150317_000409	對象
UI_20150317_000410	{@st43}死靈之書{/}
UI_20150317_000411	{@st59}關閉死靈之書 UI。{/}
UI_20150317_000412	{@st59}我什麼想法也沒有，因為我沒有想法。{/}
UI_20150317_000413	召喚體：{#ffcc33}%s{/}
UI_20150317_000414	不死鷹身女妖
UI_20150317_000415	技能：%s
UI_20150317_000416	技能1、技能2
UI_20150317_000417	需要碎片：%s
UI_20150317_000418	野獸 60 / 昆蟲 20 / 變異 10
UI_20150317_000419	碎片的數量
UI_20150317_000420	零件1
UI_20150317_000421	零件2
UI_20150317_000422	零件3
UI_20150317_000423	恭喜你！升級了。
UI_20150317_000424	道具通知
UI_20150317_000425	{@st64}內容{/}
UI_20150317_000426	製造新手教學
UI_20150317_000427	{@st42b}角色往上下左右4個方向移動。{/}
UI_20150317_000428	{@st42b}角色進行基本攻擊。{/}
UI_20150317_000429	{@st42b}角色在原地或是移動時跳躍。{/}
UI_20150317_000430	{@st42b}同時點擊相鄰的2個方向鍵時，會移動至對角線。{/}
UI_20150317_000431	地圖霧化工具
UI_20150317_000432	怪物處死工具
UI_20150317_000433	迷你地圖製作工具
UI_20150317_000434	對話工具
UI_20150317_000435	{@st43}設定營運者{/}
UI_20150317_000436	{@st59}關閉組隊情報。{/}
UI_20150317_000437	{@st59b}組隊情報{nl}{@st59s} - 點擊下方的組隊建立按鍵可以自行建立組隊。{nl} - 在其他玩家的角色上方點擊滑鼠右鍵可以進行組隊邀請。{nl} - 在設定分頁上可隨時調整目前組隊的各種設定。{nl} - 透過組隊目錄邀請組隊成員時在公開項目設定條件。{/}
UI_20150317_000438	{@st43}組隊情報{/}
UI_20150317_000439	{@st41b}組成{/}
UI_20150317_000440	{@st41b}組隊活動{/}
UI_20150317_000441	{@st41b}設定{/}
UI_20150317_000442	{@st41}隊員{/}
UI_20150317_000443	{@st41}組隊加入條件
UI_20150317_000444	{@st41b}公開
UI_20150317_000445	{@st41b}非公開
UI_20150317_000446	希望等級                                 ~
UI_20150317_000447	{@st41}道具分配規則
UI_20150317_000448	{@st41b}各自獲得
UI_20150317_000449	{@st41b}依序獲得
UI_20150317_000450	{@st41b}隨機分配
UI_20150317_000451	{@st41}經驗值分配規則
UI_20150317_000452	{@st41b}各自獲得
UI_20150317_000453	{@st41b}平均分配
UI_20150317_000454	{@st41b}等級差
UI_20150317_000455	{@st41}任務共有
UI_20150317_000456	{@st41b}使用
UI_20150317_000457	{@st41b}不使用
UI_20150317_000458	{@st41b}建立組隊
UI_20150317_000459	{@st43}公開組隊目錄{/}
UI_20150317_000460	{@st59b}公開組隊目錄{nl}{@st59s} - 確認伺服器內公開的組隊目錄，加入想要加入的組隊。{nl} - 使用檢索選項，可檢索想要條件的組隊。{/}
UI_20150317_000461	{@st59}關閉組隊目錄。{/}
UI_20150317_000462	使用檢索選項
UI_20150317_000463	任務共有
UI_20150317_000464	經驗值分配規則
UI_20150317_000465	道具分配規則
UI_20150317_000466	{@st43}邀請
UI_20150317_000467	{@st41b}邀請{/}
UI_20150317_000468	{s18}{ol}{gr gradation1}登出 PC 規則{/}
UI_20150317_000469	{ol}規則套用條件
UI_20150317_000470	{ol}規則套用動作
UI_20150317_000471	輸入規則名稱。
UI_20150317_000472	{gr gradation1}登錄{/}
UI_20150317_000473	登錄規則。
UI_20150317_000474	{gr gradation1}取消{/}
UI_20150317_000475	取消作業。
UI_20150317_000476	{@st43}寵物情報
UI_20150317_000477	{@st59b}寵物情報{nl}{@st59s} - 利用休眠/活動按鍵可以放入或是取出寵物。{nl} - 可利用寵物的特性、道具穿戴訂做寵物。{/}
UI_20150317_000478	{@st59}關閉寵物情報。{/}
UI_20150317_000479	{@st41b}名字：{@sti9}%s{/}
UI_20150317_000480	和{@sti9}%s{@st41b}的親密度：{@sti9}%s {@st41b}等級{/}
UI_20150317_000481	{@st41b}經驗值{/}
UI_20150317_000482	{@st41b}耐力{/}
UI_20150317_000483	{@st41b}親密度{/}
UI_20150317_000484	{@st41b}特性及情報
UI_20150317_000485	{@st43}寵物{/}
UI_20150317_000486	{@st59b}寵物{nl}{@st59s} - 在目錄上點擊想要的項目可查看詳細情報。{/}
UI_20150317_000487	{@st59}關閉寵物。{/}
UI_20150317_000488	{@st59}關閉小幫手視窗。{/}
UI_20150317_000489	{@st59}小幫手{nl} - 詳細查看小幫手{nl} - 如果要查看其它項目可在小幫手目錄上選擇。{/}
UI_20150317_000490	{@st43}小幫手{/}
UI_20150317_000491	小幫手標題
UI_20150317_000492	{ol}{#AAAA00}{s16}進行時間：%s
UI_20150317_000493	{@st43}毒藥水{/}
UI_20150317_000494	{@st59}關閉毒藥水 UI。{/}
UI_20150317_000495	{@st59}需要編制{/}
UI_20150317_000496	毒量：%s
UI_20150317_000497	可以使用在製毒的道具
UI_20150317_000498	全選
UI_20150317_000499	再點擊一次取消全選
UI_20150317_000500	製造
UI_20150317_000501	混合又混合攪拌再混合
UI_20150317_000502	{@st43}項目{/}
UI_20150317_000503	{@st43}我{/}
UI_20150317_000504	{@st43}對象{/}
UI_20150317_000505	{@st43}等級{/}
UI_20150317_000506	{@st43}持有金額{/}
UI_20150317_000507	{@st43}等級{/}
UI_20150317_000508	{@st43}PvP勝率{/}
UI_20150317_000509	{@st59}關閉視窗。{/}
UI_20150317_000510	{@sti5}總購買金額：%s{/}
UI_20150317_000511	{@sti5}總金額：%s{/}
UI_20150317_000512	{@st41b}購買
UI_20150317_000513	{@st43}獲得製作道具材料！
UI_20150317_000514	{@st43}巨作{/}
UI_20150317_000515	{@st41}全部刪除
UI_20150317_000516	{@st42}鍊金對象 {@stx1}(%s 需要){/}
UI_20150317_000517	{@st41}合成
UI_20150317_000518	{@st43}任務{/}
UI_20150317_000519	{@st59b}任務{nl}{@st59s} - 獲得任務時會登錄在任務指數。{nl} - 主線任務顯示黃色、支線任務顯示藍色。{nl} - 以角色腳底的箭頭顯示任務位置。{nl} - 完成任務時會在任務提示上顯示返回圖示。{nl}  (點擊空白鍵或是滑鼠會瞬間移動至完成NPC身邊。){nl} - 在任務提示上登錄/解除時，可勾選任務名稱。{/}
UI_20150317_000520	{@st41b}  進行  {/}
UI_20150317_000521	{@st41b}  放棄  {/}
UI_20150317_000522	{@st43}{s22}任務情報{/}
UI_20150317_000523	任務完成
UI_20150317_000524	{@st41}完成{/}
UI_20150317_000525	任務進行情報
UI_20150317_000526	{s18}{ol}任務情報
UI_20150317_000527	{s16}剩餘時間
UI_20150317_000528	使用任務道具
UI_20150317_000529	任務提示
UI_20150317_000530	{@st41}確認{/}
UI_20150317_000531	{@st43}{s22}完成任務{/}
UI_20150317_000532	{@st41b}完成{/}
UI_20150317_000533	{@st41}接受{/}
UI_20150317_000534	{@st41}拒絕{/}
UI_20150317_000535	{@st44}返回{/}
UI_20150317_000536	您要返回到那一個任務？
UI_20150317_000537	{@st41b}任務類別名稱{/}
UI_20150317_000538	{@st59}擴張欄位{/}
UI_20150317_000539	{@st59}縮減欄位{/}
UI_20150317_000540	{@st59}召喚寵物{/}
UI_20150317_000541	{@st44}選單{/}
UI_20150317_000542	{@st60}選擇角色{/}
UI_20150317_000543	{@st60}登出{/}
UI_20150317_000544	{@st60}結束遊戲{/}
UI_20150317_000545	{@st60}遊戲設定{/}
UI_20150317_000546	{@st60}返回{/}
UI_20150317_000547	{@st41}略過新手教學{/}
UI_20150317_000548	{@st41}選擇角色{/}
UI_20150317_000549	{@st41}登出{/}
UI_20150317_000550	{@st41}結束遊戲{/}
UI_20150317_000551	{@st41}返回{/}
UI_20150317_000552	{@st43}{s22}遠征隊召募！
UI_20150317_000553	{@st41b}怪物們正湧到城市外圍城牆，只你可以解決問題。
UI_20150317_000554	{@st43}{s22}遊戲設定{/}
UI_20150317_000555	{@sti7}遠征隊檢索中..{/}
UI_20150317_000556	{@st41b}取消參加
UI_20150317_000557	{@st41b}我來解決！
UI_20150317_000558	{@st41b}我好像會很辛苦…
UI_20150317_000559	{@sti7}{s24}選擇遠征隊獎勵{/}
UI_20150317_000560	{@st42b}剩餘時間 {@st43}%s{@st42b} 秒{/}
UI_20150317_000561	{@st41b}選擇次數增加
UI_20150317_000562	{@43b}{s22}可選擇次數：{@st43}%s{/}
UI_20150317_000563	shadow_box 暫時移除
UI_20150317_000564	{@st43}排名{/}
UI_20150317_000565	{@st59}關閉排名視窗。{/}
UI_20150317_000566	{@st41}怪物擊殺 Top 100{/}
UI_20150317_000567	{@st41}傷害 Top 100{/}
UI_20150317_000568	{@st41}money money Top 100{/}
UI_20150317_000569	{@st41}升級 Top 100{/}
UI_20150317_000570	{@st41b}選單{/}
UI_20150317_000571	{@st43}{s22}強化道具{/}
UI_20150317_000572	{@st41b}目標道具
UI_20150317_000573	{@st41b}鐵砧
UI_20150317_000574	{@st41}{s20}全部打擊次數：{@st43} %s
UI_20150317_000575	{@st41}{s20}強化價格：%s
UI_20150317_000576	{@st41b}開始強化{/}
UI_20150317_000577	{@st59}道具強化開始。{/}
UI_20150317_000578	{@st59}關閉強化。{/}
UI_20150317_000579	{@st41b}您要以選擇的 {@sti9}%s個{/} 道具進行強化嗎？{/}
UI_20150317_000580	{@st43}強化
UI_20150317_000581	{@st44}道具強化{/}
UI_20150317_000582	{s24}{b}{#000000}強化完成！
UI_20150317_000583	{@st41}再強化{/}
UI_20150317_000584	{@st41}關閉{/}
UI_20150317_000585	{s18}{ol}{gr gradation1}修理裝備{/}
UI_20150317_000586	  穿戴裝備  
UI_20150317_000587	  所持裝備  
UI_20150317_000588	{gr gradation1}選擇全體{/}
UI_20150317_000589	選擇全體
UI_20150317_000590	{gr gradation1}修理{/}
UI_20150317_000591	{@st43}修理{/}
UI_20150317_000592	修理需要道具目錄
UI_20150317_000593	{@st41b}修理費用{/}
UI_20150317_000594	{@st41b}預計餘額{/}
UI_20150317_000595	{@st41b}修理裝備{/}
UI_20150317_000596	修理選擇的裝備。
UI_20150317_000597	{@st59}關閉道具裝備{/}
UI_20150317_000598	{@st43}道具整頓{/}
UI_20150317_000599	{@st41}需要整頓的道具目錄{/}
UI_20150317_000600	{@st44}道具整頓{/}
UI_20150317_000601	{@st42}整頓{/}
UI_20150317_000602	{@st59}整頓成目前內容。{/}
UI_20150317_000603	{@st59}不進行整頓。{/}
UI_20150317_000604	{@st44}重新開始{/}
UI_20150317_000605	{@st41b}您已經變成 {/}{s20}{#cc6600}{ol}不能戰鬥 {/}{@st41b}的狀態了！{/}
UI_20150317_000606	{@st41b}在鄰近的復活據點重新開始{/}
UI_20150317_000607	{@st41b}在原始重新開始(需要NXP %s個){/}
UI_20150317_000608	{@st41b}回到野外{/}
UI_20150317_000609	{@st41b}放棄任務澓重新開始{/}
UI_20150317_000610	{@st41b}重新挑戰{/}
UI_20150317_000611	復活聖所(70031)
UI_20150317_000612	需要道具。
UI_20150317_000613	休息快捷欄
UI_20150317_000614	{@st43}對方框{/}
UI_20150317_000615	臨時名稱
UI_20150317_000616	{@st41b}{s18}背包空間不足
UI_20150317_000617	背包已滿，無法再獲得道具。{nl}請整理背包。
UI_20150317_000618	{@st44}獲得組合道具！{/}
UI_20150317_000619	請選擇道具。
UI_20150317_000620	{@st59b}商店{nl}{@st59s} - 如果要大量購買道具，點擊滑鼠右鍵後輸入數量。{nl} - 如果要販賣全部數量的道具，雙點擊滑鼠右鍵。{/}
UI_20150317_000621	{@st59}關閉商店。{/}
UI_20150317_000622	{@st59}起始頁面{/}
UI_20150317_000623	{@st59}下一頁{/}
UI_20150317_000624	{@st59}結束頁面{/}
UI_20150317_000625	{@st41b}清空{/}
UI_20150317_000626	{@st59}清空購物車。{/}
UI_20150317_000627	{@st41b}結算{/}
UI_20150317_000628	{@st59}決定交易。{/}
UI_20150317_000629	{@st43}商店{/}
UI_20150317_000630	{@st41b}購入道具{/}
UI_20150317_000631	{@st41b}販賣道具{/}
UI_20150317_000632	{@st41b}交易結算 ▶{/}
UI_20150317_000633	{@st41b}預計餘額 ▶{/}
UI_20150317_000634	{@st41b}我販賣的道具{/}
UI_20150317_000635	{@st41}清空欄位{/}
UI_20150317_000636	{@st43}結算{/}
UI_20150317_000637	{@st41}交易結算{/}
UI_20150317_000638	{@st41}預計餘額{/}
UI_20150317_000639	{@st41}購入道具{/}
UI_20150317_000640	{@sti1c}聖物買賣
UI_20150317_000641	{@st41}製作技能
UI_20150317_000642	{@st42}等級 %s{/}
UI_20150317_000643	製作費用
UI_20150317_000644	製作數量
UI_20150317_000645	約需 %s秒
UI_20150317_000646	{@st41}製作
UI_20150317_000647	{@st43}職業技能和特性{/}
UI_20150317_000648	{@st59}關閉職業和技能{/}
UI_20150317_000649	{@st59b}職業{nl}{@st59s} - 使職業的階成長，並學習該職業的技能。{nl} - 從第1次職業要轉職到第2次職業時，有3個職業可以選擇。{nl} -  相同的職業總共可以轉職３次。{nl} -  轉職為其它職業時，不能轉職到之前的職業。{nl} -  技能點數全部消耗時可轉職。{nl} - 也可以選擇相同的職業。{nl}{@st59b}技能{nl}{@st59s} - 各階級別技能最多可增加5級。{nl} - 跟大師學習的特性可在技能下方進行確認。{/}
UI_20150317_000650	{@st41b}套用{/}
UI_20150317_000651	{@st59}套用技能點數{/}
UI_20150317_000652	큘레릭
UI_20150317_000653	{@st59}取消點數分配{/}
UI_20150317_000654	{#ff4400}%s (%s等級){/} 學習中..
UI_20150317_000655	싸이코해승
UI_20150317_000656	剩餘%s分
UI_20150317_000657	{@st43}姿勢{/}
UI_20150317_000658	{@st59}關閉姿勢{/}
UI_20150317_000659	{@st41}佈告欄{/}
UI_20150317_000660	{@st41}交易{/}
UI_20150317_000661	{@st41}社會功能{/}
UI_20150317_000662	{@st41b}寫作{/}
UI_20150317_000663	{@st41}登錄{/}
UI_20150317_000664	{@st59}登錄文字{/}
UI_20150317_000665	{@st41}開始我的頁面{/}
UI_20150317_000666	{@st59}我的頁面對外公布{/}
UI_20150317_000667	{@st59}登錄問候{/}
UI_20150317_000668	{@st41b}1. 選單{/}
UI_20150317_000669	{@st41}造訪{/}
UI_20150317_000670	{@st59}造訪我的頁面{/}
UI_20150317_000671	{@st41}販賣{/}
UI_20150317_000672	{@st59}販賣道具{/}
UI_20150317_000673	{@st43}生活{/}
UI_20150317_000674	{@st59}關閉生活{/}
UI_20150317_000675	{@st41}顯示全部{/}
UI_20150317_000676	{@st41}製作地圖{/}
UI_20150317_000677	{@st41}%s/分 (%s 保有){/}
UI_20150317_000678	鍵盤戰士
UI_20150317_000679	{@st42}%s{/}{@st42_yellow}等級{/}
UI_20150317_000680	{@st41_yellow}雇用時間
UI_20150317_000681	{@st43}塗鴉{/}
UI_20150317_000682	{@st59}關閉噴槍{/}
UI_20150317_000683	{@st41b}Tip：在下面畫框內繪圖。{/}
UI_20150317_000684	{@st41b}顏色{/}
UI_20150317_000685	{@st41b}數量{/}
UI_20150317_000686	{@st41b}筆刷{/}
UI_20150317_000687	{@st43}繪圖{/}
UI_20150317_000688	{@st59}在地下畫完成的圖畫。{/}
UI_20150317_000689	{@st41b}{a SAVE_EDIT_SPRAY}儲存{/}{/}
UI_20150317_000690	{@st59}然後儲存存在的圖畫。{/}
UI_20150317_000691	{@st41b}{a LOAD_EDIT_SPRAY}開啟{/}{/}
UI_20150317_000692	{@st59}開啟畫過的圖畫。{/}
UI_20150317_000693	{@st59}選擇的顏色1{/}
UI_20150317_000694	{@st59}選擇的顏色2{/}
UI_20150317_000695	{@st59}顏色目錄{/}
UI_20150317_000696	{@st59}選擇的筆刷{/}
UI_20150317_000697	{@st59}筆刷 1{/}
UI_20150317_000698	{@st59}筆刷 2{/}
UI_20150317_000699	{@st59}筆刷 3{/}
UI_20150317_000700	{@st59}筆刷 4{/}
UI_20150317_000701	{@st59}筆刷 5{/}
UI_20150317_000702	{@st59}筆刷 6{/}
UI_20150317_000703	{@st49}喜歡的人們{/}
UI_20150317_000704	{s20}{#050505}不管變成什麼 說明
UI_20150317_000705	{@st41} 全體 {/}
UI_20150317_000706	{@st41} 組隊 {/}
UI_20150317_000707	{@st41} 怪物 {/}
UI_20150317_000708	{@st41b}{#f0dcaa}剩餘的狀態點數 ▶ {@st46}%s
UI_20150317_000709	{@st59b}我的情報{nl}{@st59s} - 狀態點數：升級時所獲得的點數，可以用來強化5種能力。{nl} - 情報：根據道具及狀態能力值而顯示的角色能力值情報。{nl} - 稱號：完成成就時可獲得的稱號。{nl}{/}
UI_20150317_000710	{@st41b}情報{/}
UI_20150317_000711	{@st41b}稱號{/}
UI_20150317_000712	顯示職業
UI_20150317_000713	顯示角色名稱
UI_20150317_000714	{@st59}修正角色名稱。{/}
UI_20150317_000715	{@st41b}套用
UI_20150317_000716	{@st59}套用狀態點數分配。{/}
UI_20150317_000717	{@st41b}取消
UI_20150317_000718	{@st59}取消狀態點數分配。{/}
UI_20150317_000719	PC名稱
UI_20150317_000720	{@st41_yellow}等級：{@st41}%s{/}
UI_20150317_000721	{@st41_yellow}傭兵技能
UI_20150317_000722	{@st43}攻擊效果{/}
UI_20150317_000723	{@st43}防禦效果{/}
UI_20150317_000724	{@st43}能力值{/}
UI_20150317_000725	systemmenu_vertical 暫時移除
UI_20150317_000726	{@st59}角色情報 (F1){/}
UI_20150317_000727	{@st59}物品欄 (F2){/}
UI_20150317_000728	{@st59}職業和技能 (F3){/}
UI_20150317_000729	{@st59}冒險日誌 (F4){/}
UI_20150317_000730	{@st59}任務 (F5){/}
UI_20150317_000731	{@st59}組隊 (F6){/}
UI_20150317_000732	{@st59}好友 (F7){/}
UI_20150317_000733	{@st59}指令 (F8){/}
UI_20150317_000734	{@st59}寵物 (F9){/}
UI_20150317_000735	{@st59}小幫手 (F10){/}
UI_20150317_000736	{@st59}系統選單 (Esc){/}
UI_20150317_000737	{@st59}死靈之書{/}
UI_20150317_000738	小幫手(F1)
UI_20150317_000739	內容
UI_20150317_000740	詳細查看
UI_20150317_000741	{@st43}遊戲設定{/}
UI_20150317_000742	{@st43}遊戲{/}
UI_20150317_000743	{@st41b}顯示經驗值獲得量{/}
UI_20150317_000744	{@st41b}顯示角色名稱{/}
UI_20150317_000745	{@st41b}只顯示隊伍名稱{/}
UI_20150317_000746	{@st41b}顯示任務指示箭頭{/}
UI_20150317_000747	{@st43}畫面{/}
UI_20150317_000748	{@st43}解析度{/}
UI_20150317_000749	{@st41b}全螢幕{/}
UI_20150317_000750	{@st41b}視窗模式{/}
UI_20150317_000751	{@st43}聲音{/}
UI_20150317_000752	{@st41b}效果音音量 (%s){/}
UI_20150317_000753	{@st41b}音樂音量 (%s){/}
UI_20150317_000754	{@st41b}整體聲音音量 (%s){/}
UI_20150317_000755	{@st43}選擇語言{/}
UI_20150317_000756	{@st59}關閉遊戲設定視窗。{/}
UI_20150317_000757	{@st41b}最低配備模式{/}
UI_20150317_000758	{@st41b}查看{/}
UI_20150317_000759	{@st59}製作團隊{/}
UI_20150317_000760	目標BUFF視窗
UI_20150317_000761	{@st46}IMC的圖畫
UI_20150317_000762	{@st46}%s的圖畫
UI_20150317_000763	{@st46}讚
UI_20150317_000764	{@st46}檢舉
UI_20150317_000765	{@st46}使用保存劑
UI_20150317_000766	{@st46}移除圖畫
UI_20150317_000767	Snow Halation
UI_20150317_000768	花束
UI_20150317_000769	{@st41}禮物
UI_20150317_000770	請輸入數量。
UI_20150317_000771	{@st53b}%s 勝 %s 敗
UI_20150317_000772	{@st42}今天的行程
UI_20150317_000773	{@st53}開始為止：
UI_20150317_000774	{@st53b}獲得禮物：%s個
UI_20150317_000775	送{@st43b}%s禮物{/}
UI_20150317_000776	{@st55_a}下個比賽
UI_20150317_000777	{@st53}- 點擊名稱可進行觀戰。{nl}- 右點擊可送禮。
UI_20150317_000778	我的角色為相機角度
UI_20150317_000779	{@st55_a}恭禧獲勝！
UI_20150317_000780	{@st42}轉換相機角度
UI_20150317_000781	{@st44}冒險日誌{/}
UI_20150317_000782	{@st59}變更顯示方式。{/}
UI_20150317_000783	{@st41} 統計 {/}
UI_20150317_000784	{@st41} 製造 {/}
UI_20150317_000785	{@st41} 狩獵 {/}
UI_20150317_000786	{@st41} 小幫手 {/}
UI_20150317_000787	{@st44}維基百科{/}
UI_20150317_000788	{@st42}情報{/}
UI_20150317_000789	{@st42}詳細{/}
UI_20150317_000790	{@st42}戰鬥{/}
UI_20150317_000791	{@st42}獲得{/}
UI_20150317_000792	{@st59}關閉頁面。{/}
UI_20150317_000793	{@st43}戰場
UI_20150317_000794	{@st59}關閉戰場。
UI_20150317_000795	(青銅 3)
UI_20150317_000796	{@sti8}今日可獲得點數：{nl}%s{/}
UI_20150317_000797	{@st41}點數商店
UI_20150317_000798	{@st41}排行榜
UI_20150317_000799	{@st42}戰場日程
UI_20150317_000800	{@st42}最近戰績
UI_20150317_000801	{@st41}獲得經驗值
UI_20150317_000802	{@st41}PVP頁面
UI_20150317_000803	{@st41}檢索
UI_20150317_000804	{@st43}戰場排行
UI_20150317_000805	{@st59}關閉戰鬥野外排名。
UI_20150317_000806	{@st56}技能名稱{/}
UI_20150317_000807	{@st41}確認座標{/}
UI_20150317_000808	{@st41}前往{/}
UI_20150317_000809	{@st42b}怪物重生管理{/}
UI_20150317_000810	{@st42b}怪物清單{/}
UI_20150317_000811	{@st42b}UI 製作{/}
UI_20150317_000812	{@st42b}地圖霧化{/}
UI_20150317_000813	{@st42b}地圖製作{/}
UI_20150317_000814	{@st42b}迷你地圖製作{/}
UI_20150317_000815	{@st42b}對話 {/}
UI_20150317_000816	{@st42b}修正任務獎勵{/}
UI_20150317_000817	{@st42b}團體恢復{/}
UI_20150317_000818	{@st42b}指定地圖位置{/}
UI_20150317_000819	{@st42b}技能地圖{/}
UI_20150317_000820	{@st42b}活動目錄{/}
UI_20150317_000821	{@st42b}確認座標{/}
UI_20150317_000822	{@st42b}XAC,texture 路徑確認{/}
UI_20150317_000823	{@st42b}performance ONOFF{/}
UI_20150317_000824	台詞清單
UI_20150317_000825	檢索.
UI_20150317_000826	{@st41}預覽{/}
UI_20150317_000827	{@st41}關閉{/}
UI_20150317_000828	{@st41}移除{/}
UI_20150317_000829	{@st41}全部儲存{/}
UI_20150317_000830	{@st41}套用圖片{/}
UI_20150317_000831	 {#FFFFFF}{ds}選擇活動
UI_20150317_000832	 {#FFFFFF}{ds}編輯活動
UI_20150317_000833	{ol}清單
UI_20150317_000834	要儲存的群組名稱
UI_20150317_000835	{@st42}重新建立{/}
UI_20150317_000836	{@st41}團體恢復{/}
UI_20150317_000837	{@st59}輸入要檢索的怪物名稱。{/}
UI_20150317_000838	{@st59}輸入要儲存的群組名稱。{/}
UI_20150317_000839	{@st41}新群組{/}
UI_20150317_000840	filtering
UI_20150317_000841	{@st59}輸入filter{/}
UI_20150317_000842	{ol}屬性值
UI_20150317_000843	職業清單
UI_20150317_000844	套用於XML
UI_20150317_000845	 {#FFFFFF}{ds}log
UI_20150317_000846	 {#FFFFFF}{ds}查看所有屬性 
UI_20150317_000847	輸入檢索語。
UI_20150317_000848	所有屬性值
UI_20150317_000849	{ol}名稱
UI_20150317_000850	{ol}值
UI_20150317_000851	log
UI_20150317_000852	{ol}revision
UI_20150317_000853	{ol}log
UI_20150317_000854	職業清單
UI_20150317_000855	XML變換
UI_20150317_000856	{ol}職業名稱
UI_20150317_000857	{ol}屬性名稱
UI_20150317_000858	{ol}變更值
UI_20150317_000859	{ol}反映
UI_20150317_000860	開啟資料夾
UI_20150317_000861	全部確認
UI_20150317_000862	歷史記錄
UI_20150317_000863	值回溯
UI_20150317_000864	{ol}選擇道具
UI_20150317_000865	輸入要檢索的名稱。
UI_20150317_000866	{@st42}確認{/}
UI_20150317_000867	{@st41}UI 製作{/}
UI_20150317_000868	{ol}frame
UI_20150317_000869	{@st41}frame{/}
UI_20150317_000870	{@st41}按鍵{/}
UI_20150317_000871	{@st41}文本{/}
UI_20150317_000872	{@st42b}一般{img btn_close}
UI_20150317_000873	{@st42b}拍賣{img btn_close}
UI_20150317_000874	{@st41}指定地圖位置{/}
UI_20150317_000875	{@st41}變更名稱{/}
UI_20150317_000876	{@st59}輸入要過濾的內容。{/}
UI_20150317_000877	{@st41}建立{/}
UI_20150317_000878	{@st56}XML儲存{/}
UI_20150317_000879	{@st56}初始化{/}
UI_20150317_000880	{@st56}屬性{/}
UI_20150317_000881	{@st56}值{/}
UI_20150317_000882	{@st42}內容{/}
UI_20150317_000883	{@st41}恢復{/}
UI_20150317_000884	{@st41}全部儲存{/}
UI_20150317_000885	{@st41}開啟XML{/}
UI_20150317_000886	{@st42b}固定技能：0{/}
UI_20150317_000887	{@st42b}固定技能：%s{/}
UI_20150317_000888	{@st42b}滑鼠自動導航{/}
UI_20150317_000889	{@st42b}技能名稱{/}
UI_20150317_000890	{@st41}怪物清單{/}
UI_20150317_000891	{@st41}performance管理{/}
UI_20150317_000892	{ol}選擇任務
UI_20150317_000893	輸入要檢索的任務名稱。
UI_20150317_000894	{ol}選擇地圖
UI_20150317_000895	輸入要檢索的地圖名稱。
UI_20150317_000896	{@st42}目前地圖{/}
UI_20150317_000897	{ol}地圖名稱
UI_20150317_000898	{ol}座標
UI_20150317_000899	{@st41}修正任務獎勵{/}
UI_20150317_000900	{@st59}輸入要檢索的任務。{/}
UI_20150317_000901	{@st59}輸入要檢索的道具。{/}
UI_20150317_000902	{@st42}經驗值
UI_20150317_000903	{ol}基本獎勵
UI_20150317_000904	{ol}數量
UI_20150317_000905	{ol}追加獎勵
UI_20150317_000906	{@st45}經常使用的指令
UI_20150317_000907	{@st41}技能地圖{/}
UI_20150317_000908	{@st42}能力{/}
UI_20150317_000909	{@st42}劍士{/}
UI_20150317_000910	{@st42}法師{/}
UI_20150317_000911	{@st42}弓箭手{/}
UI_20150317_000912	{@st42}武僧{/}
UI_20150317_000913	{@st42}巫師{/}
UI_20150317_000914	{@st41}스킬반{/}
UI_20150317_000915	{@st59}xml load{/}
UI_20150317_000916	{@st41}開啟{/}
UI_20150317_000917	{@st59}存成xml{/}
UI_20150317_000918	{@st59}重置開啟中的技能地圖{/}
UI_20150317_000919	{@st41}重置{/}
UI_20150317_000920	{@st59}重置所有技能地圖{/}
UI_20150317_000921	{@st41}全部重置{/}
UI_20150317_000922	{s18}解除 script
UI_20150317_000923	{s18}字串參數
UI_20150317_000924	{s18}數字1 參數
UI_20150317_000925	{s18}數字2 參數
UI_20150317_000926	{s18}技能最大等級
UI_20150317_000927	{@st59}解除 script 輸入視窗{/}
UI_20150317_000928	{@st59}解除 script 參數{/}
UI_20150317_000929	{@st59}技能最大等級{/}
UI_20150317_000930	{@st59}儲存屬性{/}
UI_20150317_000931	{@st41}儲存屬性{/}
UI_20150317_000932	{@st44}UI 目錄{/}
UI_20150317_000933	{ds}add-on  目錄
UI_20150317_000934	{ds}固定 frame 目錄
UI_20150317_000935	{@st42}UI 目錄{/}
UI_20150317_000936	{@st59}顯示UI 目錄{/}
UI_20150317_000937	{@st42}調整位置{/}
UI_20150317_000938	{@st59}調整位置{/}
UI_20150317_000939	{@st42}編輯屬性{/}
UI_20150317_000940	{@st59}編輯屬性{/}
UI_20150317_000941	{@st42}儲存{/}
UI_20150317_000942	{@st59}儲存{/}
UI_20150317_000943	{@st44}編輯 UI 屬性{/}
UI_20150317_000944	{@st59}選擇角色{/}
UI_20150317_000945	{@st59}登出{/}
UI_20150317_000946	{@st59}遊戲設定{/}
UI_20150317_000947	{@st59}結束遊戲{/}
UI_20150317_000948	{@st43}住處設定{/}
UI_20150317_000949	{@st59}關閉住處設定。{/}
UI_20150317_000950	{@st42_b}{s18}{#f5c384}隊伍名稱{/}
UI_20150317_000951	{@st59}請輸要想要的隊伍名稱。{/}
UI_20150317_000952	{@st59}儲存隊伍名稱。{/}
UI_20150317_000953	systemmenu_vertical 暫時刪除
UI_20150317_000954	{@st59}關閉裝飾小屋。{/}
UI_20150317_000955	{@st43}裝飾小屋{/}
UI_20150317_000956	{@st41b}   主題   {/}
UI_20150317_000957	{@st41b}   物品配置   {/}
UI_20150317_000958	{@st41b}名稱
UI_20150317_000959	{@st41b}價格
UI_20150317_000960	{@st41b}狀態
UI_20150317_000961	{@st44}新角色{/}
UI_20150317_000962	{@st41b}{s22}請選擇您要創建的職業。{/}
UI_20150317_000963	{@st41b}取消創建{/}
UI_20150317_000964	{@st59}取消角色創建。{/}
UI_20150317_000965	選擇角色
UI_20150317_000966	{@st41}角色{/}
UI_20150317_000967	{@st59}往右旋轉{/}
UI_20150317_000968	{@st59}往左旋轉{/}
UI_20150317_000969	{@st43b}角色旋轉{/}
UI_20150317_000970	{@st43}角色名字{/}
UI_20150317_000971	{@st59}請輸入名字。{/}
UI_20150317_000972	{@st43b}選擇性別{/}
UI_20150317_000973	{@st59}女性{/}
UI_20150317_000974	{@st59}男性{/}
UI_20150317_000975	{@st43b}選擇髮型{/}
UI_20150317_000976	{@st59}髪型1{/}
UI_20150317_000977	{@st59}髮型2{/}
UI_20150317_000978	{@st59}髮型3{/}
UI_20150317_000979	{@st59}髮型4{/}
UI_20150317_000980	{@st59}髮型5{/}
UI_20150317_000981	{@st59}髮型6{/}
UI_20150317_000982	{@st59}髮型7{/}
UI_20150317_000983	{@st59}髮型8{/}
UI_20150317_000984	{@st59}髮型9{/}
UI_20150317_000985	{@st59}髮型10{/}
UI_20150317_000986	{@st43b}選擇職業{/}
UI_20150317_000987	{@st59}劍士{/}
UI_20150317_000988	{@st59}法師{/}
UI_20150317_000989	{@st59}弓箭手{/}
UI_20150317_000990	{@st59}牧師{/}
UI_20150317_000991	{@st41b}拜訪小屋{/}
UI_20150317_000992	{@st59}拜訪其他人的小屋。{/}
UI_20150317_000993	{@st41b}登出{/}
UI_20150317_000994	{@st59}回到登入畫面。{/}
UI_20150317_000995	{@st41b}結束遊戲{/}
UI_20150317_000996	{@st59}結束遊戲。{/}
UI_20150317_000997	{@st41b}請選擇要開始遊戲的分流。{/}
UI_20150317_000998	{@st43}遊戲開始{/}
UI_20150317_000999	{@st59}以該角色開始遊戲。{/}
UI_20150317_001000	{@st43}{s26}隊伍名稱{/}
UI_20150317_001001	{@st59}隊伍名稱{/}
UI_20150317_001002	{@st41b}變更隊伍名稱{/}
UI_20150317_001003	{@st59} 變更隊伍名稱。{/}
UI_20150317_001004	{@st41}寵物{/}
UI_20150317_001005	聊天拖曳
UI_20150317_001006	{@st44}新聊天室名稱{/}
UI_20150317_001007	{@st42}變更{/}
UI_20150317_001008	{@st44}新視窗名稱{/}
UI_20150317_001009	{@st43}{s40}{gr gradation4}創建角色{/}
UI_20150317_001010	{@st59}創建角色。{/}
UI_20150317_001011	{@st59}取消創建。{/}
UI_20150317_001012	{@st59}關閉隊伍名稱輸入。{/}
UI_20150317_001013	{@st59}以輸入的名稱來創立隊伍。{/}
UI_20150317_001014	{@st43}{s30}{#f0dcaa}輸入隊伍名稱！
UI_20150317_001015	{@st41b} 隊伍名稱是代表所有角色的名字。{nl}可以自由變更的隊伍名稱是交易、加入公會、對話等共同使用的名字。{/}
UI_20150317_001016	loading背景
UI_20150317_001017	Tip
UI_20150317_001018	遊戲Tip
UI_20150317_001019	登入
UI_20150317_001020	帳號
UI_20150317_001021	{@st59}請輸入帳號。{/}
UI_20150317_001022	密碼
UI_20150317_001023	{@st59}請輸入密碼。{/}
UI_20150317_001024	{@st43}連線遊戲{/}
UI_20150317_001025	{@st59}連線選擇的伺服器。{/}
UI_20150317_001026	{@st41b}Replay{/}
UI_20150317_001027	{@st41b}單人模式{/}
UI_20150317_001028	{@st41b}結束遊戲{/}
UI_20150317_001029	儲存
UI_20150317_001030	{@st59}確認無誤後儲存帳號。{/}
UI_20150317_001031	伺服器目錄
UI_20150317_001032	{@st59}請選擇要連線的伺服器。{/}
UI_20150317_001033	登入標題
UI_20150317_001034	[CBT版本]
UI_20150317_001035	選項
UI_20150317_001036	視野距離
UI_20150317_001037	{s20}{#BBBBBB}視野距離
UI_20150317_001038	視野距離：
UI_20150317_001039	角色：
UI_20150317_001040	背景物件：
UI_20150317_001041	地形-草(%)：
UI_20150317_001042	地形-樹 (%)：
UI_20150317_001043	地形-物件(%)：
UI_20150317_001044	陰影
UI_20150317_001045	{s20}{#BBBBBB}陰影地圖
UI_20150317_001046	使用陰影地圖
UI_20150317_001047	陰影品質：
UI_20150317_001048	SSAO 使用
UI_20150317_001049	SSAO 方式：
UI_20150317_001050	SSAO 解析度：
UI_20150317_001051	水波紋
UI_20150317_001052	{s20}{#BBBBBB}水波紋
UI_20150317_001053	角色水波紋
UI_20150317_001054	背景水波紋
UI_20150317_001055	{s20}{#BBBBBB}Glow 設定
UI_20150317_001056	Glow 使用
UI_20150317_001057	{@st41}攻擊力{/}
UI_20150317_001058	{@st41}防禦力{/}
UI_20150317_001059	{@st41}輔助{/}
UI_20150317_001060	{@st41}難易度{/}
UI_20150317_001061	{@st41}髮型
UI_20150317_001062	{@st41}旋轉
UI_20150317_001063	{@st43}創建角色
UI_20150317_001064	{@st59}依設定創建角色。{/}
UI_20150317_001065	{@st41b}取消選擇
UI_20150317_001066	{@st59}取消角色選擇。{/}
UI_20150317_001067	角色情報
UI_20150317_001068	{@st41}一起
UI_20150317_001069	{@st59}點擊後選擇角色，寵物會跟著跑。{/}
UI_20150317_001070	道具生成 UI
UI_20150317_001071	{s24}名稱：
UI_20150317_001072	{s16} 力量：
UI_20150317_001073	{s16} 體力：
UI_20150317_001074	{s16} 敏捷：
UI_20150317_001075	{s16} 氣力：
UI_20150317_001076	{s16} 道力：
UI_20150317_001077	{s18} 選擇職業
UI_20150317_001078	{s18} 正道聯盟
UI_20150317_001079	{s18} 天命魔教
UI_20150317_001080	紅武門
UI_20150317_001081	大都川
UI_20150317_001082	話禪圖
UI_20150317_001083	榮華極善宗
UI_20150317_001084	天子城
UI_20150317_001085	蓮花橋
UI_20150317_001086	{s16}性別及外貌
UI_20150317_001087	男
UI_20150317_001088	女
UI_20150317_001089	調整頭部
UI_20150317_001090	調整身高
UI_20150317_001091	肩寬
UI_20150317_001092	手腳尺寸
UI_20150317_001093	胸部尺寸
UI_20150317_001094	腰圍尺寸
UI_20150317_001095	骨盆尺寸
UI_20150317_001096	{s18} 頭部尺寸
UI_20150317_001097	{s14} 調整身高
UI_20150317_001098	{s14} 肩寬
UI_20150317_001099	{s14} 手腳尺寸
UI_20150317_001100	{s14} 胸部尺寸
UI_20150317_001101	{s14} 腰圍尺寸
UI_20150317_001102	{s14} 骨盆尺寸
UI_20150317_001103	預設值
UI_20150317_001104	任意設定值
UI_20150317_001105	新人物生成
UI_20150317_001106	取消人物生成
UI_20150317_001107	{@st43}{s40}{gr gradation4}遊戲開始{/}
UI_20150317_001108	{@st43}{s40}{gr gradation4}結束預覽{/}
UI_20150317_001109	{@st43}{s40}{gr gradation4}回到地區{/}
UI_20150317_001110	{@st59}重新進入地區。{/}
UI_20150317_001111	{@st41b}返回{/}
UI_20150317_001112	{@st59}回到我的小屋。{/}
UI_20150317_001113	{@st43}{s24}小屋名稱{/}
UI_20150317_001114	{@st59}小屋名稱{/}
UI_20150317_001115	{@st41b}裝飾{/}
UI_20150317_001116	{@st59}裝飾小屋{/}
UI_20150317_001117	{@st41b}設定{/}
UI_20150317_001118	{@st59}小屋設定{/}
UI_20150317_001119	客制化道具frame
UI_20150317_001120	綠色
UI_20150317_001121	密度
UI_20150317_001122	體力嗎？
UI_20150317_001123	{@st59}頭飾{/}
UI_20150317_001124	{@st59}輔助飾品{/}
UI_20150317_001125	{@st42}文本{/}
UI_20150317_001126	基本內容名稱
UI_20150317_001127	基本群組名稱
UI_20150317_001128	基本道具名稱
UI_20150317_001129	金平直
UI_20150317_001130	重量：%s
UI_20150317_001131	별별벼려별
UI_20150317_001132	%s 種族
UI_20150317_001133	표례스텨(싱뮬형)
UI_20150317_001134	不可交易
UI_20150317_001135	不可強化
UI_20150317_001136	별별별별
UI_20150317_001137	道具名稱
UI_20150317_001138	若配戴此道具會如此這般。
UI_20150317_001139	幾級以上
UI_20150317_001140	誰都可以配戴
UI_20150317_001141	最大鑲嵌槽 %s個
UI_20150317_001142	道具名稱
UI_20150317_001143	商店販賣價格：%s 銀幣
UI_20150317_001144	多少
UI_20150317_001145	{@st42b}夏奧雷伊整體探勘率{/}
UI_20150317_001146	{@st42b}西邊樹林探勘率{/}
UI_20150317_001147	{@st18}道具{/}
UI_20150317_001148	{@st18}我的排名{/}
UI_20150317_001149	다이야
UI_20150317_001150	體力提升九泉
UI_20150317_001151	{@st18}平均{/}
UI_20150317_001152	{@st42b}{s18}熟練度{/}
UI_20150317_001153	{@st55_c}道具名稱
UI_20150317_001154	{@st55_c}紙條記錄
UI_20150317_001155	{@st59}輸入名稱，沒有輸入時，以基本名稱製作。{/}
UI_20150317_001156	{@st59}輸入紙條。{/}
UI_20150317_001157	{@st43}製作道具
UI_20150317_001158	{@st42b}%s 點{/}
UI_20150317_001159	{@st42b}%s 個{/}
UI_20150317_001160	{@st42b}%s 點{/}
UI_20150317_001161	{@st42b}%s 個{/}
UI_20150317_001162	{s16}{ol}單價
UI_20150317_001163	總金額：1
UI_20150317_001164	{@st41}小幫手
UI_20150317_001165	{@st41}照片相關說明
UI_20150317_001166	{@st41}登錄
UI_20150317_001167	{@st41}名稱
UI_20150317_001168	{@st41}訊息
UI_20150317_001169	{@st43}名稱{/}
UI_20150317_001170	{@st41b}訊息{/}
UI_20150317_001171	{@st42b}登入{/}
UI_20150317_001172	{@st41}建立新對話
UI_20150317_001173	{@st41}整體對話
UI_20150317_001174	地區名稱
UI_20150317_001175	{@st41}技能名稱
UI_20150317_001176	{@st41}特性點數
UI_20150317_001177	{@st41}職業名稱
UI_20150317_001178	角色名字
UI_20150317_001179	{@sti7}刪除{/}
UI_20150317_001180	角色等級
UI_20150317_001181	{@st42}任務共有{/}
UI_20150317_001182	{@st42}經驗值共有{/}
UI_20150317_001183	角色紙條
UI_20150317_001184	組隊平均等級：{#FFFF00}%s{/}
UI_20150317_001185	尋找的隊員：{#FFFF00}%s{/}
UI_20150317_001186	聖職者 / 弓箭手
UI_20150317_001187	任務共有：{#FFFF00}%s{/}
UI_20150317_001188	使用
UI_20150317_001189	經驗值分配規則：{#FFFF00}%s{/}
UI_20150317_001190	均等分配
UI_20150317_001191	道具分配規則：{#FFFF00}%s{/}
UI_20150317_001192	隨機分配
UI_20150317_001193	我該怎麼辦
UI_20150317_001194	不知道是誰
UI_20150317_001195	{@st41b}已登錄於冒險日誌。
UI_20150317_001196	任務用選單物件
UI_20150317_001197	任務的種類
UI_20150317_001198	任務的清單物件
UI_20150317_001199	任務的清單物件-到此為止是以前的
UI_20150317_001200	路線圖上使用的line
UI_20150317_001201	欄位物件_一般用
UI_20150317_001202	欄位物件_現金欄位
UI_20150317_001203	角色詳細情報類型1
UI_20150317_001204	角色詳細情報類型2
UI_20150317_001205	背包清單類型1
UI_20150317_001206	背包清單類型2
UI_20150317_001207	背包欄位類型
UI_20150317_001208	在市場查看道具_詳細
UI_20150317_001209	道具名稱顯示
UI_20150317_001210	顯示剩下的數量
UI_20150317_001211	顯示值
UI_20150317_001212	裝在購物車時
UI_20150317_001213	顯示總金額
UI_20150317_001214	道具顯示用
UI_20150317_001215	顯示單價
UI_20150317_001216	道具種類
UI_20150317_001217	新消息
UI_20150317_001218	{@st42b}重新開始{/}
UI_20150317_001219	펠탕스탕
UI_20150317_001220	99 階
UI_20150317_001221	消滅布貝刀斧手8隻
UI_20150317_001222	Tool tip
UI_20150317_001223	EXP：sad{br}+1 附魔水晶 (攻擊)
UI_20150317_001224	見習生劍
UI_20150317_001225	修理耐久度：
UI_20150317_001226	修理費用：120 銀幣
UI_20150317_001227	修理費用：%s 銀幣
UI_20150317_001228	{@st42b}投標數量 {@sti7}%s{/}
UI_20150317_001229	{@st42b}目前價格 {img icon_item_silver 20 20}{@st57}%s{/}
UI_20150317_001230	{@st41}立即購買！{img icon_item_silver 20 20}{@st57}%s{/}
UI_20150317_001231	{@st41b}領取道具{/}
UI_20150317_001232	{@st42b}投標金額 {img icon_item_silver 20 20}{@st57} %s{/}
UI_20150317_001233	{@sti7}退還
UI_20150317_001234	{@st59}頭部{/}
UI_20150317_001235	{@st59}左手環{/}
UI_20150317_001236	{@st59}右手環{/}
UI_20150317_001237	{@st59}服裝{/}
UI_20150317_001238	{@st59}戒指2{/}
UI_20150317_001239	寵物名稱
UI_20150317_001240	雜貨商組合
UI_20150317_001241	西邊樹林等
UI_20150317_001242	NXP 消耗
UI_20150317_001243	種類名稱
UI_20150317_001244	我是小幫手。
UI_20150317_001245	{@sti7}%s 點{/}
UI_20150317_001246	{@st41b}%s 點數
UI_20150317_001247	任務清除 25個
UI_20150317_001248	- [副線] 荊棘林
UI_20150317_001249	{@st42}穿戴道具
UI_20150317_001250	{@st44}%s 職業階級情報{/}
UI_20150317_001251	第幾次轉職情報
UI_20150317_001252	heart嗎?
UI_20150317_001253	劍士
UI_20150317_001254	%s 等級
UI_20150317_001255	紙條：{#666666}%s
UI_20150317_001256	綾瀬
UI_20150317_001257	和%s 的關係徽章
UI_20150317_001258	已邀請{#FFFF33}%s{/} 成為好友。{/}
UI_20150317_001259	{@st41b}接受
UI_20150317_001260	{@st41b}拒絕
UI_20150317_001261	{@st53b}正在下載好友目錄。
UI_20150317_001262	等級 %s{/}
UI_20150317_001263	{@st41}取消
UI_20150317_001264	請登入要販賣的BUFF。
UI_20150317_001265	價格：%s{/}
UI_20150317_001266	剩餘數量
UI_20150317_001267	{@st41}購買
UI_20150317_001268	剩餘數量：%s{/}
UI_20150317_001269	{@st41}道具{/}
UI_20150317_001270	{@st41b}紙條
UI_20150317_001271	{@st41b}製作
UI_20150317_001272	{@st41b}價格：%s{/}
UI_20150317_001273	{@sti5}價格：%s{/}
UI_20150317_001274	{@sti9}組隊成員任務 (%s){/}
UI_20150317_001275	{@st41_yellow}探索率 %s%{/}
UI_20150317_001276	{@st41_yellow}獲得點數 %s{/}
UI_20150317_001277	{@st42b}{b}達成率{/}
UI_20150317_001278	{@st59}接受組隊任務進行。{/}
UI_20150317_001279	windows
UI_20150317_001280	狀態
UI_20150317_001281	分頁
UI_20150317_001282	圖片道具
UI_20150317_001283	效果
UI_20150317_001284	控制裝置
UI_20150317_001285	{@st41}難易度：%s
UI_20150317_001286	{@st42}剩餘時間：%s
UI_20150317_001287	{@st53}製造中的道具
UI_20150323_001288	{@st59}請放上道具{/}
UI_20150323_001289	{@st42}取消
UI_20150323_001290	{@st42}確認
UI_20150323_001291	{@st43}壓塊{/}
UI_20150323_001292	目前潛力
UI_20150323_001293	消耗材料
UI_20150323_001294	消耗數量
UI_20150323_001295	持有數量
UI_20150323_001296	{@sti6}交易紀錄
UI_20150323_001297	{@st43}據點
UI_20150323_001298	招牌名稱
UI_20150323_001299	{@st43}建設
UI_20150323_001300	{@stc1}據點維持時間
UI_20150323_001301	{@stc1}效果
UI_20150323_001302	{@stc1}消耗材料及費用
UI_20150323_001303	{@st41b}據點
UI_20150323_001304	{@st41b}紀錄
UI_20150323_001305	{@st41b}時間更新
UI_20150323_001306	{@st59}更新維持時間{/}
UI_20150323_001307	{@st41b}據點維持時間
UI_20150323_001308	{@st41b}效果
UI_20150323_001309	{@st42b}更新時，可以維持24小時的額外據點。將會消耗%s銀幣。
UI_20150323_001310	{@st41b}個人倉庫
UI_20150323_001311	{@stc1}物品存放倉庫以及領出物品時，都會消耗%s銀幣。{/}
UI_20150323_001312	{@st41}{#ffff00}目標鎖定{/}
UI_20150323_001313	{@st43}配餐桌
UI_20150323_001314	{@st41b}食物種類
UI_20150323_001315	{@st41b}桌子
UI_20150323_001316	{@st59}關閉配餐桌。{/}
UI_20150323_001317	{@st43}魔法書{/}
UI_20150323_001318	{@st59}關閉魔法書畫面。{/}
UI_20150323_001319	我的召喚技能
UI_20150323_001320	主卡片
UI_20150323_001321	副卡片
UI_20150323_001322	狀態
UI_20150323_001323	體質
UI_20150323_001324	智力
UI_20150323_001325	敏捷
UI_20150323_001326	爆擊
UI_20150323_001327	{@st43}開設商店{/}
UI_20150323_001328	{@st41b}設定
UI_20150323_001329	單一價格
UI_20150323_001330	{@st41b}材料目錄
UI_20150323_001331	{@st43}烘焙寶石{/}
UI_20150323_001332	{@st59}關閉UI視窗。{/}
UI_20150323_001333	{@st41b}修理{/}
UI_20150323_001334	{@st41b}紀錄{/}
UI_20150323_001335	接收價格
UI_20150323_001336	{@st59}請放上寶石。{/}
UI_20150323_001337	消耗材料
UI_20150323_001338	剩餘數量
UI_20150323_001339	{@st42}關店
UI_20150323_001340	{@st43}武器修理{/}
UI_20150323_001341	{@st43}裝備修理{/}
UI_20150323_001342	{@st41b}接收價格
UI_20150323_001343	{@st41b}消耗材料
UI_20150323_001344	{@st43}修理{/}
UI_20150323_001345	{@st41b}修理{/}
UI_20150323_001346	技能等級
UI_20150323_001347	{@st41}可入場人數
UI_20150323_001348	{@st43}道具覺醒地下城
UI_20150323_001349	{@st41}所需材料
UI_20150323_001350	{@st59}所需材料{/}
UI_20150323_001351	建議等級：%s
UI_20150323_001352	{@st43}UI選擇模式{/}
UI_20150323_001353	{@st43}委託購買商店
UI_20150323_001354	商店名稱
UI_20150323_001355	{@st41b}開設商店
UI_20150323_001356	{@st59}開設委託購買商店。{/}
UI_20150323_001357	{@st59}取消{/}
UI_20150323_001358	{@st59}關閉委託購買商店。{/}
UI_20150323_001359	委託購買
UI_20150323_001360	{@st59}關閉委託購買商店。
UI_20150323_001361	{@st59}委託購買商店{nl} - 將所持有的物品可以兌換為銀幣。
UI_20150323_001362	{@st43}委託人想要購賣的物品{/}
UI_20150323_001363	{@st43}將要販售的物品
UI_20150323_001364	{@st43}總收入
UI_20150323_001365	{@st41}販賣
UI_20150323_001366	{@st41}鍊金材料
UI_20150323_001367	{@st41}鍊金對象{@stx1}(需要%s){/}
UI_20150323_001368	{@st59}召喚寵物。{/}
UI_20150323_001369	{@st41b}角色設定{/}
UI_20150323_001370	{@st59}魔法書{/}
UI_20150323_001371	{@st41b}套用虛化效果{/}
UI_20150323_001372	{@st41b}套用漸暈效果{/}
UI_20150323_001373	{@st41b}套用FXAA{/}
UI_20150323_001374	{@st41b}套用GLOW{/}
UI_20150323_001375	{@st41b}套用Depth{/}
UI_20150323_001376	{@st41b}套用SoftParticle{/}
UI_20150323_001377	{@st43}個人倉庫{/}
UI_20150323_001378	{@st59}將會關閉個人倉庫。{/}
UI_20150323_001379	{@sti6}物品存放倉庫以及領出物品時，都會消耗%s銀幣。{/}
UI_20150323_001380	{@st59}使用Alt+Z可切換武器{/}
UI_20150323_001381	{@st59}儲存住處設定。{/}
UI_20150323_001382	住處變更
UI_20150323_001383	{@st59}關閉住處變更視窗。
UI_20150323_001384	{@st59}住處變更{nl} - 變更住處之後，可以變更地圖以及擴充人數。
UI_20150323_001385	{@st41}取消預覽
UI_20150323_001386	{@st46}我的NXP：%s{/}
UI_20150323_001387	{@st41b}住處變更{/}
UI_20150323_001388	{@st59}住處裝潢{/}
UI_20150323_001389	{@st41b}住處設定{/}
UI_20150323_001390	{@st59}變更住處設定。{/}
UI_20150323_001391	{@st45ty}角色的問候語{/}
UI_20150323_001392	{@st45ty}委託購買商店
UI_20150323_001393	{@st41b}變更
UI_20150323_001394	{@st59}將會變更角色的問候語。{/}
UI_20150323_001395	{@st59}設定委託購買商店。{/}
UI_20150323_001396	購買數量: %s{/}
UI_20150323_001397	搜尋要購買的道具
UI_20150323_001398	購買數量
UI_20150323_001399	單一價格
UI_20150323_001400	{@sti5}%s個{/}
UI_20150323_001401	{@st41}食用
UI_20150323_001402	{@st41}製作
UI_20150323_001403	{@st41}製作數量
UI_20150323_001404	{@st41}消耗材料
UI_20150401_001405	{@st59}關閉壓塊視窗。{/}
UI_20150401_001406	{@st41}解除據點
UI_20150401_001407	{@st43}[%s 階]{/}
UI_20150401_001408	{@st43}技能{/}
UI_20150401_001409	{@st43}職業Tip{/}
UI_20150401_001410	職業Tip
UI_20150401_001411	{@st42}{#ffff00}目標鎖定{/}
UI_20150401_001412	{@st41}拆解桌子
UI_20150401_001413	{@st43}染料{/}
UI_20150401_001414	搖桿快捷鍵
UI_20150401_001415	{@st42}{#ffff00}鍵盤模式{/}
UI_20150401_001416	{@st43}開啟奉獻箱
UI_20150401_001417	{@st41b}開啟
UI_20150401_001418	{@st41b}奉獻箱
UI_20150401_001419	{@st41}奉獻箱名稱
UI_20150401_001420	支付金額
UI_20150401_001421	預估收益
UI_20150401_001422	所持金額
UI_20150401_001423	{@st45tw}奉獻箱物品詳細內容
UI_20150401_001424	{@st41}全部販售
UI_20150401_001425	{@st43}奉獻箱
UI_20150401_001426	奉獻
UI_20150401_001427	交易結算
UI_20150401_001428	預估餘額
UI_20150401_001429	{@st45tw}奉獻箱
UI_20150401_001430	{@st41}清空
UI_20150401_001431	{@st43}目前地區的玩家目錄{/}
UI_20150401_001432	{@st59}關閉管理者UI目錄。{/}
UI_20150401_001433	{@st41}組隊說明：
UI_20150401_001434	{s20}毒量{s28}{b}{#ff6600}%s
UI_20150401_001435	毒製造用材料道具
UI_20150401_001436	{@st41b}全部選擇{/}
UI_20150401_001437	{@st59}再點擊一次可以全部解除{/}
UI_20150401_001438	{@st41b}製造{/}
UI_20150401_001439	{@st59}混合攪拌{/}
UI_20150401_001440	{@st41b}成就{/}
UI_20150401_001441	髮色
UI_20150401_001442	可配戴的稱號
UI_20150401_001443	{@st41b}搖桿UI模式{/}
UI_20150401_001444	{@st41}{#ffffcc}名稱
UI_20150401_001445	{@st41}{#ffffcc}價格
UI_20150401_001446	{@st41}{#ffffcc}狀態
UI_20150401_001447	{@st41b}取消預覽
UI_20150401_001448	{@st41}{#ffff00}我的NXP：%s{/}
UI_20150401_001449	裝備中
UI_20150401_001450	說明：{#FFFF00}%s{/}
UI_20150401_001451	平均等級：{#FFFF00}%s{/}
UI_20150401_001452	條件
UI_20150401_001453	稱號   %s
UI_20150401_001454	獎勵   %s
UI_20150401_001455	{@st42}數量
UI_20150406_001456	{@st43}基地營地
UI_20150406_001457	{@st42}建設
UI_20150406_001458	{@st42}取消
UI_20150406_001459	{@stc1}營地維持時間
UI_20150406_001460	{@st41b}基地營地
UI_20150406_001461	{@st41b}營地維持時間
UI_20150406_001462	{@st42b}更新時，營地維持時間會增加24小時，{nl} 將會消耗%s銀幣。
UI_20150406_001463	{@st41}拆解營地
UI_20150406_001464	{@st42}拆解桌子
UI_20150406_001465	{@st59b}魔法師{nl}{@st59s} - 將卡片放上組牌欄位之後執行召喚術。{/}
UI_20150406_001466	{@st41}我的召喚技能
UI_20150406_001467	{@st41}狀態
UI_20150406_001468	{@st41b}奉獻箱名稱
UI_20150406_001469	{@st41b}奉獻箱物品詳細內容
UI_20150406_001470	{@st59}關閉委託購買商店。
UI_20150406_001471	{@st59b}委託購買商店{nl}{@st59s} - 將所持有的物品可以兌換為銀幣。
UI_20150406_001472	{@st41b}委託人要請的道具{/}
UI_20150406_001473	{@st41b}販售登記道具{/}
UI_20150406_001474	{@st41b}總收入
UI_20150406_001475	{@st41b}販售
UI_20150406_001476	{@st59}販售所登記的道具。{/}
UI_20150406_001477	{@st59}關閉個人倉庫。{/}
UI_20150406_001478	{@st41b}物品存放倉庫以及領出物品時，都會消耗%s銀幣。{/}
UI_20150406_001479	{@st41b}數量
UI_20150414_001480	{@st42b}更新時，營地維持時間增加，{nl}會消耗%s銀幣。
UI_20150414_001481	{@st41b}類型           {@sti7}%s{/}
UI_20150414_001482	{@st41b}操作難易度 {@sti7}%s{/}
UI_20150414_001483	{@st59b}  道具  {/}
UI_20150414_001484	{@st59b}  怪物  {/}
UI_20150414_001485	{@st59b}  地圖移動  {/}
UI_20150414_001486	{@st59b}  戰鬥命令  {/}
UI_20150414_001487	{s26}{b}個
UI_20150414_001488	{s26}{b}等級
UI_20150414_001489	{@st44}{s26}等級
UI_20150414_001490	{@st59b}{s26}隻
UI_20150414_001491	{@st41b}烹調
UI_20150414_001492	{@st41b}飲食
UI_20150414_001493	{@st42}拆卸配餐台
UI_20150414_001494	{@st41b}記錄{/}
UI_20150414_001495	{@st41}組隊說明
UI_20150414_001496	{@st41b}輸入{/}
UI_20150414_001497	烘焙等級 %s
UI_20150428_001498	{@st43}購買商店{/}
UI_20150428_001499	{@st41b}截止
UI_20150428_001500	{@st41b}提報Bug
UI_20150428_001501	{@st59}告知有問題的事項。{/}
UI_20150428_001502	如果提報Bug，那麼您從一開始到現在的遊戲畫面會傳送至伺服器。傳送的Replay檔案對於修正Bug會有很大的幫助，您要傳送檔案嗎？
UI_20150428_001503	{@st41b}Bug內容：{/}
UI_20150428_001504	{@st41b}Bug內容雖然不是非必要輸入事項，但是輸入內容對於分析問題會有幫助。
UI_20150428_001505	{@st41b}傳送
UI_20150428_001506	{@st42}{s14}{#ffff00}固定目標{/}
UI_20150428_001507	{@st59}和距離或方向轉換無關，固定目標。
UI_20150428_001508	組隊條件一致！
UI_20150428_001509	搖桿休息快捷鍵
UI_20150428_001510	{@st41b}休息模式
UI_20150428_001511	遊戲搖桿新手教學
UI_20150428_001512	{@st59}關閉遊戲搖桿說明。(M){/}
UI_20150428_001513	鍵盤新手教學
UI_20150428_001514	{@st44}登出{/}
UI_20150428_001515	{@st41b}幫手剩餘 (需要NXP %s個){/}
UI_20150428_001516	新增欄位費用：{#ff9933}%s{/}{nl}寶石移除費用：{#ff9933}%s{/}
UI_20150428_001517	{@st41b}寶石移除
UI_20150428_001518	{@st42}{s14}{#ffff00}UI 模式{/}
UI_20150428_001519	{@st59}使用鍵盤或是遊戲搖桿操控UI。
UI_20150428_001520	使用尋找隊員功能
UI_20150428_001521	使用尋找功能的角色中，如果遇見符合條件的角色，{nl}會顯示[組隊條件一致！]句子。
UI_20150428_001522	{@st41}遊戲風格{/}
UI_20150428_001523	任務進行
UI_20150428_001524	狩獵中心
UI_20150428_001525	活動進行
UI_20150428_001526	{@st41}等級差異{/}
UI_20150428_001527	無關係  /
UI_20150428_001528	{@st41}希望的職業系列{/}
UI_20150428_001529	{@st41b}退出組隊
UI_20150428_001530	{@st59}透過組隊說明進行檢索。{/}
UI_20150428_001531	{s18}{ol}{gr gradation1}幫手規則{/}
UI_20150428_001532	{@st59}執行製造。{/}
UI_20150428_001533	{@st45ty}髮色
UI_20150428_001534	{@st45ty}可配戴的稱號
UI_20150428_001535	{@st41_yellow}幫手技能
UI_20150428_001536	{@st41b}顯示其它角色名稱{/}
UI_20150428_001537	{@st43}UI 模式{/}
UI_20150428_001538	{@st41b}自動{/}
UI_20150428_001539	{@st41b}遊戲搖桿{/}
UI_20150428_001540	{@st41b}鍵盤{/}
UI_20150428_001541	遊戲搖桿
UI_20150428_001542	{@st59}遊戲搖桿說明{/}
UI_20150428_001543	鍵盤
UI_20150428_001544	{@st59}鍵盤說明{/}
UI_20150428_001545	{@st43}圖像設定{/}
UI_20150428_001546	{@st43}性能調整{/}
UI_20150428_001547	{@st41b}低規格模式{/}
UI_20150428_001548	{@st41b}自動調整{/}
UI_20150428_001549	{@st41b}不使用{/}
UI_20150428_001550	遊戲faq
UI_20150428_001551	人數：(%s/%s)
UI_20150428_001552	100級以上：(%s/%s)
UI_20150511_001553	{@st41}組隊邀請超連結
UI_20150714_001554	{@st66b}得標物品：%s個 / 流標物品：%s個{/}
UI_20150714_001555	{@st41b}交易記錄
UI_20150714_001556	{@st41b}解除跳躍
UI_20150714_001557	卡片大戰
UI_20150714_001558	{@st64}%s勝{/}
UI_20150714_001559	卡片決定
UI_20150714_001560	冒險指數 {#ffff00}%s{/} ({#ffff00}%s{/}名)
UI_20150714_001561	{@st66b}讚！
UI_20150714_001562	角色讚{#ffff00}%s{/}
UI_20150714_001563	{@st41b}解除配餐台
UI_20150714_001564	{@st42}我的召喚技能
UI_20150714_001565	{@st42}狀態
UI_20150714_001566	{@st42}目前位置：%s{/}
UI_20150714_001567	{@st59b}穿戴裝備{nl}{@st59s} - 髮型/套裝：穿戴可變更外型的道具{nl} - 武器：可配戴單手裝備及雙手裝備。{nl}   (配戴單手裝備時，可配戴副武器/盾牌。){nl} - 防具：穿戴上衣、下衣、手套、鞋子。{nl} - 飾品：配戴1個項鍊、2個手環。{nl}   (手環2利用Alt鍵比較查看/可配戴){/}
UI_20150714_001568	{@st43}%s 開設商店{/}
UI_20150714_001569	{@st41b}Roasting{/}
UI_20150714_001570	{@st66}選擇全部
UI_20150714_001571	{@st43}製作箭矢{/}
UI_20150714_001572	{@st59} 關閉UI。{/}
UI_20150714_001573	{@st66b}確認{/}
UI_20150714_001574	{@st66b}幫手剩餘(需要NXP %s個){/}
UI_20150714_001575	新增欄位費用：{#000000}%s{/} {nl}寶石萃取費用：{#000000}%s{/}
UI_20150714_001576	{ds}建議等級：%s
UI_20150714_001577	探勘率：50.0%
UI_20150714_001578	{@st45tw}[探勘率 %s%]{/}
UI_20150714_001579	>>詳細查看..
UI_20150714_001580	%s (%s 排名)
UI_20150714_001581	職業名稱
UI_20150714_001582	{@st41b}邀請
UI_20150714_001583	{@st41}想要用遊戲搖桿或滑鼠操控時，可以在系統選單的遊戲設定進行設定。{/}
UI_20150714_001584	如果遇見條件一致的角色，會顯示[組隊條件一致！]的句子。{nl}也會一直對尋求隊員的其它組隊推薦。
UI_20150714_001585	{@st42}遊戲風格{/}
UI_20150714_001586	{@st42}等級差異{/}
UI_20150714_001587	無關係
UI_20150714_001588	{@st42}希望的職業系列{/}
UI_20150714_001589	{@st42}組隊名稱：%s{/}
UI_20150714_001590	{@st42}組隊說明{/}
UI_20150714_001591	{@st42}輸入{/}
UI_20150714_001592	{@st42}道具分配規則
UI_20150714_001593	{@st42}經驗值分配規則
UI_20150714_001594	各自獲得
UI_20150714_001595	平均分配
UI_20150714_001596	等級差異
UI_20150714_001597	{@st42}任務共用
UI_20150714_001598	不使用
UI_20150714_001599	{@st42}登錄於公開組隊目錄{/}
UI_20150714_001600	希望等級
UI_20150714_001601	{@st42}使用隊員推薦功能{/}
UI_20150714_001602	根據距離
UI_20150714_001603	根據職業
UI_20150714_001604	根據等級
UI_20150714_001605	根據進行任務
UI_20150714_001606	根據交情
UI_20150714_001607	{@st42}組隊邀請超連結
UI_20150714_001608	>>查看組隊..
UI_20150714_001609	組隊名稱：%s
UI_20150714_001610	組隊介紹：%s
UI_20150714_001611	成立時間：%s 前
UI_20150714_001612	人數組成：%s/5
UI_20150714_001613	加入
UI_20150714_001614	{@st59}用組隊名稱及說明進行檢索。{/}
UI_20150714_001615	簡易小幫手內容
UI_20150714_001616	{@st43}訊息箱
UI_20150714_001617	{@st41b}整體
UI_20150714_001618	{@st41b}未讀訊息箱
UI_20150714_001619	{@st43}{s22}請選擇要接受道具的角色。{/}
UI_20150714_001620	{@st41b}強化
UI_20150714_001621	{@st66}修理所需道具目錄
UI_20150714_001622	{@st43}買賣聖職
UI_20150714_001623	{@st59}請放上技能。{/}
UI_20150714_001624	{@st59}關閉技能和特性{/}
UI_20150714_001625	{@st43}技能和特性{/}
UI_20150714_001626	剩餘的狀態點數 {nl}{@st46}%s
UI_20150714_001627	我獲得的讚！：%s個
UI_20150714_001628	{@st66b}顯示經驗值獲得量{/}
UI_20150714_001629	{@st66b}查看角色名稱{/}
UI_20150714_001630	{@st66b}只顯示隊伍名稱{/}
UI_20150714_001631	{@st66b}顯示其它角色名稱{/}
UI_20150714_001632	{@st66b}自動{/}
UI_20150714_001633	{@st66b}遊戲搖桿{/}
UI_20150714_001634	{@st66b}鍵盤{/}
UI_20150714_001635	{@st66b}滑鼠
UI_20150714_001636	{@st66b}全螢幕{/}
UI_20150714_001637	{@st66b}視窗模式{/}
UI_20150714_001638	{@st66b}效果音大小 (%s){/}
UI_20150714_001639	{@st66b}音樂大小 (%s){/}
UI_20150714_001640	{@st66b}整體聲音大小 (%s){/}
UI_20150714_001641	{@st66b}低規格模式{/}
UI_20150714_001642	{@st66b}自動調整{/}
UI_20150714_001643	{@st66b}不使用{/}
UI_20150714_001644	{@st66b}Bloom 套用{/}
UI_20150714_001645	{@st66b}Vignetting 套用{/}
UI_20150714_001646	{@st66b}FXAA 套用{/}
UI_20150714_001647	{@st66b}GLOW 套用{/}
UI_20150714_001648	{@st66b}Depth 套用{/}
UI_20150714_001649	{@st66b}SoftParticle 套用{/}
UI_20150714_001650	{@st66b}高規格texture 套用{/}
UI_20150714_001651	{@st66b}開啟垂直同步{/}
UI_20150714_001652	{@st66b}關閉垂直同步{/}
UI_20150714_001653	{@st66b}物品存放倉庫以及領出物品時，都會消耗%s銀幣。{/}
UI_20150714_001654	%s喜歡我。
UI_20150714_001655	{@st41}觀戰
UI_20150714_001656	{@st66b}結束觀戰
UI_20150714_001657	找到遊戲，要參加嗎？
UI_20150714_001658	{@st41}參加
UI_20150714_001659	{@st41}拒絕
UI_20150714_001660	比賽結束
UI_20150714_001661	死亡
UI_20150714_001662	傷害量
UI_20150714_001663	{@st41}回到地區
UI_20150714_001664	{@st41b}%s秒後移動至地區…{/}
UI_20150714_001665	{@st59}開啟訊息箱。{/}
UI_20150714_001666	{@st42}住處變更{/}
UI_20150714_001667	{@st42}住處設定{/}
UI_20150714_001668	{@st65}%s 分{/}
UI_20150714_001669	{@st65}%s 個{/}
UI_20150714_001670	{@st65}%s分{/}
UI_20150714_001671	{@st65}%s個{/}
UI_20150714_001672	相片說明
UI_20150714_001673	{#000000}%s 秒
UI_20150714_001674	{#000000}%s 配戴
UI_20150714_001675	組隊名稱：{#2c140c}%s{/}
UI_20150714_001676	說明：{#2c140c}%s{/}
UI_20150714_001677	平均等級： {#2c140c}%s{/}
UI_20150714_001678	尋找的隊員： {#2c140c}%s{/}
UI_20150714_001679	共有任務： {#2c140c}%s{/}
UI_20150714_001680	經驗值分配規則： {#2c140c}%s{/}
UI_20150714_001681	道具分配規則： {#2c140c}%s{/}
UI_20150714_001682	組隊愉快嗎？
UI_20150714_001683	{@st42}%s已服用%s。
UI_20150714_001684	{@st42}%s已強化%s。
UI_20150714_001685	紙條：%s
UI_20150714_001686	{@st59}於欄位上添加材料道具。{/}
UI_20150714_001687	{@st66b}價格：%s{/}
UI_20150714_001688	角色問候語
UI_20150714_001689	購買委託商店
UI_20150714_001690	%s 個
UI_20150714_001691	{@41b}條件
UI_20150714_001692	{@st41}刪除
UI_20150714_001693	{@st41}更新
UI_20150717_001694	欣賞這位玩家{#ffff00}%s{/}
UI_20150717_001695	{@st41b}{s56}本遊戲{#0066FF}
UI_20150717_001696	12歲以上方可使用
UI_20150717_001697	{#FFFFFF}。{nl}{s40} {nl}長時間進行遊戲對身心有害。{/}
UI_20150717_001698	{@st66b}輸入
UI_20150717_001699	{@st42}我的召喚獸情報
UI_20150717_001700	{@st59}STA{nl}{@st59s}當耐力不足時，移動會變得緩慢。{/}
UI_20150717_001701	{@st59}整理背包{/}
UI_20150717_001702	整理
UI_20150717_001703	{@st59}關閉手把說明。{/}
UI_20150717_001704	{@st59}關閉鍵盤說明。{/}
UI_20150717_001705	滑鼠新手教學
UI_20150717_001706	{@st59}關閉滑鼠說明。{/}
UI_20150717_001707	攻擊力 : %s
UI_20150717_001708	防禦力 : %s
UI_20150717_001709	力量 : %s
UI_20150717_001710	體力 : %s
UI_20150717_001711	智力 : %s
UI_20150717_001712	敏捷 : %s
UI_20150717_001713	精神 : %s
UI_20150717_001714	{@st42b}劍士系列快速輸入兩次方向鍵就可以疾走。{/}
UI_20150717_001715	{@st42}組隊名稱和說明{/}
UI_20150717_001716	{@st42}插入組隊邀請tag
UI_20150717_001717	{@st41b}公開組隊目錄{/}
UI_20150717_001718	{@st41b}推薦角色目錄{/}
UI_20150717_001719	{@st41b}獲得推薦
UI_20150717_001720	只有組隊隊長可以使用的功能。
UI_20150717_001721	必須使用隊員推薦功能。
UI_20150717_001722	{@st66b}任務種類名稱{/}
UI_20150717_001723	{@st59b}商店{nl}{@st59s} - 如果想要販賣/購買多個相同道具，右點擊 Shift + 後輸入數量即可。{nl} - 如果要販賣全部數量的道具，雙點擊滑鼠即可。{/}
UI_20150717_001724	{@st59}滑鼠說明{/}
UI_20150717_001725	{@st66b}排序
UI_20150717_001726	{@st59}道具排序。{/}
UI_20150717_001727	{@st59}武器裝備於欄位{nl}按Alt+Z轉換武器{/}
UI_20150717_001728	以其他人視角觀戰
UI_20150717_001729	{@st41}戰鬥野外
UI_20150717_001730	結果
UI_20150717_001731	{@st41}立即移動
UI_20150717_001732	{@st66b} 隊伍名稱是代表所有角色的名稱。{nl}可以自由變更的隊伍名稱是使用於交易、公會加入、對話時的共用名稱。{/}
UI_20150729_001733	{@st42}只顯示可學習的特性{/}
UI_20150729_001734	腳數量
UI_20150729_001735	身高
UI_20150729_001736	體重
UI_20150729_001737	{@st43}寶石烘焙{/}
UI_20150729_001738	{@st59b}道具製作{nl}{@st59s} - 如果得到配方道具，就可以製作該道具。{nl} - 將配方和材料放入欄位後，執行道具製作即可。{nl} - 可以在製作的道具上記入名稱和紙條。{/}
UI_20150729_001739	{@st59}關閉箭矢製作。{/}
UI_20150729_001740	需要碎片 : 變異 %s個 / 野獸 %s個 / 植物 %s個
UI_20150729_001741	{@st42b}戰士系列快速輸入兩次方向鍵就可以疾走。{/}
UI_20150729_001742	{@st41}設定組隊
UI_20150729_001743	{@st41}設定組隊召募
UI_20150729_001744	{@st42}使用尋找隊員功能{/}
UI_20150729_001745	如果遇到條件一致的玩家，會顯示[組隊條件一致！] 的訊息。
UI_20150729_001746	{@st41b}推薦玩家目錄{/}
UI_20150729_001747	{@st41}特性及情報
UI_20150729_001748	{@st59}取消強化。{/}
UI_20150729_001749	{@st59b}寶石/卡片強化{nl}{@st59s} - 在背包選擇要強化的寶石或是卡片並登錄。{nl} - 除了任務道具之外，其它道具都可以當作寶石強化材料使用。{nl}   (寶石當作材料使用時效率最高。){nl} - 卡片強化只能使用其它卡片當作材料使用。{/}		by sean
UI_20150729_001750	{#000000}{s22}伺服器進場等待中
UI_20150729_001751	{#000000}{s22}伺服器人數已滿，等待進場中。
UI_20150729_001752	{#000000}{s22}目前順序 : %s
UI_20150729_001753	{@st43}隊伍戰鬥聯盟
UI_20150729_001754	{@st59}關閉隊伍戰鬥聯盟。
UI_20150729_001755	{@st42}隊伍戰鬥聯盟日程
UI_20150729_001756	{@st43}隊伍戰鬥聯盟排名
UI_20150729_001757	{@st59}關閉戰鬥聯盟排名。
UI_20150729_001758	隧伍名稱
UI_20150729_001759	{@st41b}技能名稱
UI_20150729_001760	{@st59}接受組隊任務進行。{/}
UI_20150729_001761	{@st59}刪除該票券。{/}
UI_20150729_001762	分數
UI_20150729_001763	參與隊伍戰鬥聯盟
UI_20150730_001764	{@st56}我的排行
UI_20150730_001765	{@st56}擊殺排行
UI_20150730_001766	{@st56}傷害排行
UI_20150803_001767	一般 : /s 內容{nl}大喊 : /y 內容{nl}組隊 : /p 內容{nl}密語 : /w 隊伍名稱 內容
UI_20150803_001768	{@st66b}把手震動{/}
UI_20150803_001769	已找到遊戲，待會進入遊戲。
UI_20150804_001770	{@st43}{s18}請選擇要領取道具的角色。{/}
UI_20150804_001771	最多鑲嵌槽 %s個
UI_20150811_001772	{@st43}副本
UI_20150811_001773	{@st41}確認位置
UI_20150811_001774	{@st41}關閉
UI_20150811_001775	{#000000}名稱{/}
UI_20150811_001776	{#000000}入場等級{/}
UI_20150811_001777	{#000000}入場次數{/}
UI_20150811_001778	附近的隊伍情報
UI_20150811_001779	{@st42}顯示附近的隊伍情報{/}
UI_20150811_001780	{@sti9}我的紀錄
UI_20150811_001781	{@sti9}擊殺排名
UI_20150811_001782	{@sti9}傷害排名
UI_20150904_001783	帳篷維持時間
UI_20150904_001784	效果
UI_20150904_001785	更新之後帳篷維持時間將會增加，{nl} %s並消耗銀幣。
UI_20150904_001786	個人倉庫
UI_20150904_001787	{@st41b}類型 : {@sti7}%s{/}
UI_20150904_001788	{@st41b}操作難易度 : {@sti7}%s{/}
UI_20150904_001789	{img silver 20 20} 取得價格
UI_20150904_001790	{@st66b}空ける
UI_20150904_001791	{@sti9}%s{@st66b}との親密度 : {@sti9}%s {@st66b}レベル{/}
UI_20150904_001792	親密度
UI_20150904_001793	{@st41b}獲得製造道具素材！
UI_20150904_001794	{@st66b}{s20}你變成{/}{s20}{#cc6600}{ol}無法戰鬥{/}{@st66b}{s20}的狀態了！{/}
UI_20150904_001795	{@st66b}從附近的復活地點重新開始{/}
UI_20150904_001796	{@st66b}在原地復活(需要TP %s){/}
UI_20150904_001797	{@st66b}フィールドに復帰する{/}
UI_20150904_001798	{@st66b}放棄任務重來{/}
UI_20150904_001799	{@st66b}再次挑戰{/}
UI_20150904_001800	{@st66b}自己所賣出的道具{/}
UI_20150904_001801	{@st53}排行榜點數 : %s
UI_20150904_001802	{@st66b}對隊伍以外的人提供食糧{/}
UI_20150904_001803	{@st41b}更換看板名稱
UI_20150911_001804	對這名玩家說讚！{#ffff00}{ol}%s{/}
UI_20150911_001805	取引不可個数 : %s
UI_20150911_001806	{@st42b}確認台詞{/}
UI_20151014_001807	{#000000}入場次數會在%s點時初始化。{/}
UI_20151014_001808	{@st59}選擇的道具變成鎖定的狀態。{/}
UI_20151014_001809	{@st43}キー設定{/}
UI_20151014_001810	{@st45tw2}分類
UI_20151014_001811	アクション
UI_20151014_001812	基本値復元
UI_20151014_001813	必要的碎片 : %s個
UI_20151014_001814	{@st59}プレビューで確認してからバラックのテーマを変更できます。
UI_20151014_001815	取引不可合計: %s個
UI_20151014_001816	定員%s名{/}
UI_20151014_001817	{@st42b}預覽
UI_20151014_001818	{@st42b}返回
UI_20151014_001819	{@st42b}購買
UI_20151014_001820	{@st42b}適用
UI_20151014_001821	ｅ工會名稱與介紹
UI_20151014_001822	團隊名稱
UI_20151014_001823	職位
UI_20151014_001824	通知
UI_20151028_001825	{@st41b}TP{/}
UI_20151028_001826	{@st41}伺服器等待進入
UI_20151028_001827	{#000000}{s18}伺服器已經滿載因此排隊進入
UI_20151028_001828	{@st66b18}現在的順位 : %s
UI_20151028_001829	{@st66b}顯示其他角色的特效
UI_20151028_001830	{@st41}TP
UI_20151028_001831	TP
UI_20151119_001832	{@st66b}キーの設定
UI_20151223_001833	{@st41b}變更{s18}(需要TP 100){/}
UI_20151223_001834	花費數量
UI_20151223_001835	持有數量
UI_20151223_001836	足の数
UI_20151223_001837	{@st41}確認
UI_20151223_001838	{@st42}使用{/}
UI_20151223_001839	{@st66b18}※購買時使用的TP將不會退還。{/}
UI_20151223_001840	{@st59}公會  (/g 訊息){/}
UI_20151223_001841	{@st59}公會   (/g 訊息){/}
UI_20151223_001842	{@st42}字體大小
UI_20151223_001843	女神像HP
UI_20151223_001844	ラウンド
UI_20151223_001845	玩家
UI_20151223_001846	友方
UI_20151223_001847	敵軍
UI_20151223_001848	{@st59}關閉公會資訊{/}
UI_20151223_001849	{@st43}公會{/}
UI_20151223_001850	{@st41b}基本資訊
UI_20151223_001851	{@st41b}屬性
UI_20151223_001852	正在募集公會活動的參加者。
UI_20151223_001853	{@st41b}成長とランク
UI_20151223_001854	{@st41b}ギルド特製
UI_20151223_001855	{@st43}公會成長{/}
UI_20151223_001856	頻道 / 位置
UI_20151223_001857	召換
UI_20151223_001858	前往公會成員的所在地
UI_20151223_001859	前往
UI_20151223_001860	{@st41b}ステータスヒストリー{/}
UI_20151223_001861	{@st41b}スキルヒストリー{/}
UI_20151223_001862	{@st41b}TPヒストリー{/}
UI_20151223_001863	{@st43}ヒストリー{/}
UI_20151223_001864	{@st59}ヒストリー情報を閉じます。{/}
UI_20151223_001865	{@st45tw2}項目{/}
UI_20151223_001866	{@st45tw2}変動値{/}
UI_20151223_001867	{@st45tw2}時間{/}
UI_20151223_001868	{@st45tw2}復旧{/}
UI_20151223_001869	{#000000}入場次數{/}
UI_20151223_001870	{@st59}放大地圖{/}
UI_20151223_001871	{@st59}縮小地圖{/}
UI_20151223_001872	{@st59}顯示最後的傳送地區{/}
UI_20151223_001873	{@st59}顯示現在位置{/}
UI_20151223_001874	{@st59}ヘアコスチューム3{/}
UI_20151223_001875	{@st59}ヘア{/}
UI_20151223_001876	剩餘數量
UI_20151223_001877	{@st41}技能等級
UI_20151223_001878	{@st41}供物の材料
UI_20151223_001879	{@st66b}ヘルパーを残す(TP %s個必要){/}
UI_20151223_001880	{@st66b}世界地圖{/}
UI_20151223_001881	{@st59}打開世界地圖{/}
UI_20151223_001882	{@st66b18}道具接收箱
UI_20151223_001883	{@st66b18}登陸販賣
UI_20151223_001884	{@st66b18}販賣中的道具
UI_20151223_001885	{@st45tw2}名稱{/}
UI_20151223_001886	{@st45tw2}等級{/}
UI_20151223_001887	{@st45tw2}單價{/}
UI_20151223_001888	{@st45tw2}購買數{/}
UI_20151223_001889	{@st45tw2}合計金額{/}
UI_20151223_001890	{@st42}詳細設定{/}
UI_20151223_001891	{@st65}等級{/}
UI_20151223_001892	{@st65}強化數值{/}
UI_20151223_001893	{@st59}入力した名前と作成したオプションで検索します{/}
UI_20151223_001894	{@st65}價格低的優先{/}
UI_20151223_001895	{@st65}價格高的優先{/}
UI_20151223_001896	{@st45tw2}個數{/}
UI_20151223_001897	{@st45tw2}可接收的時間{/}
UI_20151223_001898	{@st66b}販賣登陸時間{/}
UI_20151223_001899	{@st66b}トークンアイテム以外の販売アイテムで精算されたシルバーは48時間後に受け取ることができます。{/}
UI_20151223_001900	{@st45tw2}截止時間{/}
UI_20151223_001901	%s (%s頻道)
UI_20151223_001902	碎片數量
UI_20151223_001903	競爭任務
UI_20151223_001904	單位
UI_20151223_001905	{@st41b}加入
UI_20151223_001906	壽命
UI_20151223_001907	{@st59b}任務{nl}{@st59s} - 獲得任務時，登錄到任務指令欄{nl} - 主線任務顯示為黃色，支線任務顯示為藍色{nl} - キャラクターの足元の矢印でクエストの位置を表示{nl} - 任務完成時，在任務指令欄顯示「返回」的圖示{nl}  (點擊或按Backspace將能傳送回完成的NPC身邊){nl} - クエスト指令欄への登録/解除はクエスト名の前のチェック選択{/}
UI_20151223_001908	{@st66b}使用靈魂水晶復活{/}
UI_20151223_001909	{@st59b}商店{nl}{@st59s} - 要販賣/購買多個道具時請按Shift+右鍵後輸入數量{nl} - 想將道具全部賣出時請用右鍵連點{/}
UI_20151223_001910	製作數量
UI_20151223_001911	{@st42}%s 特典{/}
UI_20151223_001912	{@st42}使用期間 : %s{/}
UI_20151223_001913	要使用%s嗎？{/}
UI_20151223_001914	{s13}使用した%sインベントリから消え、{nl}%sの間現在の%sにのみ適用されます。{/}
UI_20151223_001915	可以在角色設定視窗確認剩餘時間。{/}
UI_20151223_001916	{@st41}使用
UI_20151223_001917	{@st59}關閉TP SHOP{/}
UI_20151223_001918	{@st43}{s18}預覽與購買
UI_20151223_001919	預覽
UI_20151223_001920	穿著中的道具的TP
UI_20151223_001921	{@st49}このまま購入{/}
UI_20151223_001922	購物籃
UI_20151223_001923	持有TP
UI_20151223_001924	購物籃的TP
UI_20151223_001925	剩餘TP
UI_20151223_001926	{@st49}確定購買{/}
UI_20151223_001927	{@st66b}擴充倉庫
UI_20151223_001928	{@st59}倉庫を拡張します{/}
UI_20151223_001929	{@st42b}地域{/}
UI_20151223_001930	{@st59}地図を開きます{/}
UI_20151223_001931	{ol}個数
UI_20151223_001932	{@st43}變更團隊名稱{/}
UI_20151223_001933	{@st59}チーム名を変更します{/}
UI_20151223_001934	{@st59}取消變更團隊名稱{/}
UI_20151223_001935	{@st59}關閉小屋編輯{/}
UI_20151223_001936	{@st43}編輯小屋{/}
UI_20151223_001937	{@st41b}訪問小屋{/}
UI_20151223_001938	{@st59}訪問別人的小屋{/}
UI_20151223_001939	{@st42}變更團隊名稱{/}
UI_20151223_001940	{@st42}擁有角色(%s/%s){/}
UI_20151223_001941	{@st42}持有TP : %s{/}
UI_20151223_001942	{@st41b}クレジット{/}
UI_20151223_001943	{@st59}クレジット{/}
UI_20151223_001944	{@st42}プロデューサー兼ディレクター{/}{nl}{@st41b}{s22}キム・セヨン{nl} {nl}{@st42}アートディレクター{nl}{@st41b}{s22}アン・ジョンウォン{nl} {nl}{@st42}アートデザイナー{nl}{@st41b}{s22}キム・ミナ{nl}ソン・ヘジン{nl}カン・ミンギョン{nl}パク・ジュンヒョク{nl}ペ・ジニョン{nl}シン・ヒョソン{nl}パク・セヒ{nl} {nl}{@st42}シニアプログラマー{nl}{@st41b}{s22}シン・サンヒョプ{nl} {nl}{@st42}リサーチプログラマー{nl}{@st41b}{s22}チョン・ジェフン{nl} {nl}{@st42}プログラマー{nl}{@st41b}{s22}チェ・ヨン{nl}ハン・ソンベ{nl}キム・ボラ{nl}イ・ヨンギュン{nl}キム・ミンギュ{/}
UI_20151223_001945	{@st42}戦闘企画{nl}{@st41b}{s22}チェ・ギラク{nl}キム・ピョンジク{nl}キム・ヒョニル{nl} {nl}{@st42}レベルデザイナー{nl}{@st41b}{s22}ラ・ホンソク{nl} {nl}{@st42}演出監督{nl}{@st41b}{s22}イ・スンジョ{nl} {nl}{@st42}リードアニメーター{nl}{@st41b}{s22}イ・スジン{nl} {nl}{@st42}アニメーター{nl}{@st41b}{s22}ミョン・スンヒョン{nl}パク・ミヌ{nl}キム・スギョン{nl}シン・ドンジン{nl}キム・ミジン{nl} {nl}{@st42}エフェクト / SFX{nl}{@st41b}{s22}チョン・ヘジン{nl} {nl}{@st42}キャラクターデザイナー{nl}{@st41b}{s22}パク・ジエ{nl}ファン・ジュノン{nl}イ・スボム{nl}キム・ダミ{/}
UI_20151223_001946	{@st42}背景グラフィックデザイナー{nl}{@st41b}{s22}ジャン・セミョン{nl}(株)レンダリング{nl}イ・ユンソン{nl}カン・ドンホ{nl}イ・ナムジン{nl}ヨン・ユギョン{nl}ジャン・ヨンドク{nl}イ・ヒョンジョン{nl} {nl}{@st42}コンテンツ企画マネージャー{nl}{@st41b}{s22}イ・チョンス{nl} {nl}{@st42}コンテンツ企画{nl}{@st41b}{s22}ソン・ウジョン{nl}イ・ウォンジョン{nl}チョン・ヒョンジン{nl}ムン・ジヒョン{nl}キム・ジョンス{nl}チェ・ドンフン{nl}ジン・スンヨン{nl}イ・ギニ{nl}ムン・ジョンウク{nl} {nl}{@st42}シナリオライター{nl}{@st41b}{s22}キム・セヨン{nl} {nl}{@st42}設定監修{nl}{@st41b}{s22}マルティナス{nl}クリスティーナ{/}
UI_20151223_001947	{@st42}サウンドディレクター{nl}{@st41b}{s22}クヮク・ドンイル{nl} {nl}{@st42}シニアサウンドデザイナー{nl}{@st41b}{s22}ジョン・フィロク{nl} {nl}{@st42}サウンドデザイナー{nl}{@st41b}{s22}パク・ソンテ{nl} {nl}{@st42}UX/UIマネージャー{nl}{@st41b}{s22}イ・ギリョン{nl} {nl}{@st42}UIデザイナー{nl}{@st41b}{s22}ソ・ジュヨン{nl} {nl}{@st42}データベース{nl}{@st41b}{s22}ハン・マンジュ{nl} {nl}{@st42}QAマネージャー{nl}{@st41b}{s22}キム・ヨンヒョン{nl} {nl}{@st42}QA{nl}{@st41b}{s22}アン・ヨンヒョン{nl}パク・ウニョン{nl}ノ・マンチョル{nl}イ・ウニョン{nl}イム・イェビン{nl}ジャン・ジェスン{nl}パク・ジス{/}
UI_20151223_001948	{@st42}オペレーションディレクター{nl}{@st41b}{s22}シン・ムジン{nl} {nl}{@st42}海外ローカライズ{nl}{@st41b}{s22}シン・ジョンホ{nl}ビョン・ソンフム{nl}ソン・ミョンソン{nl}キム・ジュニョン{nl} {nl}{@st42}テクニカルアシスタンス{nl}{@st41b}{s22}キム・ガンウ{nl}イ・ワンジェ{nl}イ・ソニョン{nl}パク・ソンギ{/}
UI_20151223_001949	スタート都市選択
UI_20151223_001950	{@st44}クラペダ
UI_20151223_001951	{@st59s}水晶鉱山を中心に発展した工業都市。{nl}神樹の日の被害が最も少なかった。{/}
UI_20151223_001952	{@st44}オルシャ
UI_20151223_001953	{@st59s}神樹の日の災いを巨大な城郭で免れようとしたものの、{nl}大いなる災いはその城郭までも飲み込んでしまった。{/}
UI_20151223_001954	{@st59}自分のバラックに戻ります。{/}
UI_20151223_001955	{@st43}{s24}バラック名{/}
UI_20151223_001956	{@st59}バラック名{/}
UI_20151223_001957	{@st59}バラック設定{/}
UI_20151223_001958	{@st42}初期化回数
UI_20151223_001959	{@st49}プレビュー{/}
UI_20151223_001960	{@st49}入れる{/}
UI_20151223_001961	残りの数
UI_20151223_001962	残りの数 : %s{/}
UI_20151223_001963	{@st41}購入{/}
UI_20151223_001964	{@st45tw2}点数{/}
UI_20151223_001965	名前昇順{/}
UI_20151223_001966	名前降順{/}
UI_20151223_001967	日付の近い順{/}
UI_20151223_001968	{@st42}トークン特典{/}
UI_20151223_001969	{@st41b}個数
UI_20151223_001970	キャッシュ定員%s名{/}
UI_20151223_001971	接続人数のみ確認
UI_20151223_001972	アジト入場
UI_20151223_001973	ギルドメンバーのみ入場
UI_20151223_001974	戦争戦績
UI_20151223_001975	戦争ギルドリスト
UI_20151223_001976	残りの戦争時間
UI_20151223_001977	タワー保有リスト
UI_20151223_001978	ギルド成長
UI_20151223_001979	貢献度ランク
UI_20151223_001980	ギルドスキルと情報
UI_20151223_001981	{@st42}%s特典適用{/}
UI_20151223_001982	特典
UI_20160128_001983	{@st43}注文販売商店{/}
UI_20160128_001984	{@st59}注文販売商店を閉じます{/}
UI_20160128_001985	{@st43}注文販売商店
UI_20160128_001986	注文販売商店
UI_20160128_001987	{@st59}注文販売商店を閉じます。
UI_20160128_001988	{@st59}注文販売商店{nl} - シルバーを支払うとプレイヤーにバフスキルをかけることができます。
UI_20160128_001989	{@st41b}建設
UI_20160128_001990	{@st41b}消費材料と費用
UI_20160128_001991	{@st66b}ベースキャンプ
UI_20160128_001992	{@st66b}記録
UI_20160128_001993	{@st66b}情報
UI_20160128_001994	{@st66b}調理
UI_20160128_001995	{@st66b}食糧
UI_20160128_001996	{@st66b}リスト
UI_20160128_001997	{@st66b}管理
UI_20160128_001998	{@st66b}ダンジョン{/}
UI_20160128_001999	{@st66b}依頼所ミッション{/}
UI_20160128_002000	{@st66b18}入場回数{/}
UI_20160128_002001	{@st45tw2}入場レベル{/}
UI_20160128_002002	検索時間 : 
UI_20160128_002003	{@st41b}取消
UI_20160128_002004	{@st41b}確認
UI_20160128_002005	{@st66b}ロースティング{/}
UI_20160128_002006	{@st66b}記録{/}
UI_20160128_002007	{@st66b}メンテナンス{/}
UI_20160128_002008	{@st66b}修理{/}
UI_20160128_002009	{ol}メッセージ
UI_20160128_002010	{@st66b}販売登録時間と手数料{/}
UI_20160128_002011	{@st66}トークン以外の販売アイテムを{nl}精算したシルバーは48時間後に受け取れます。{/}
UI_20160128_002012	{@st45tw2}販売完了時の手数料{/}
UI_20160128_002013	{@st45tw2}合計金額{/}
UI_20160128_002014	上限額{/}
UI_20160128_002015	下限額{/}
UI_20160128_002016	{@st66}下位時価{/}
UI_20160128_002017	{@st66}上位時価{/}
UI_20160128_002018	{@st66b}開く
UI_20160128_002019	{@st66b}奉献箱
UI_20160128_002020	{@st66b}構成{/}
UI_20160128_002021	{@st66b}PTイベント{/}
UI_20160128_002022	{@st66b}設定{/}
UI_20160128_002023	{@st42b}保存{/}
UI_20160128_002024	{@st41}PT名と説明{/}
UI_20160128_002025	周辺PTの情報表示
UI_20160128_002026	公開PTリストに登録
UI_20160128_002027	レベル差
UI_20160128_002028	PTメンバー推薦機能使用
UI_20160128_002029	{@st66b}PT招待タグ挿入
UI_20160128_002030	{@st66b}公開PTリスト{/}
UI_20160128_002031	{@st66b}推薦プレイヤーリスト{/}
UI_20160128_002032	{@st43}メッセージボックス
UI_20160128_002033	{@st66b}全体
UI_20160128_002034	{@st66b}未読のメッセージ
UI_20160128_002035	{@st66b}  進行  {/}
UI_20160128_002036	{@st66b}  放棄  {/}
UI_20160128_002037	使用したアイテムはインベントリから消え、{nl}全体のスキルポイントが初期化されます。{/}
UI_20160128_002038	{@st59b}クラス{nl}{@st59s} - クラスのサークルを成長させてスキルを習得{nl} - 1次職業から2次職業に転職する時は3つのクラスを選択可能{nl} - 同じ職業には3回まで転職可能{nl} - 同じクラスも選択可能{nl}{@st59b}スキル{nl}{@st59s} - 各ランク別のスキルは最大5レベルまでアップ可能{nl} - マスターから習得した特製はスキル下段で確認可能{/}
UI_20160128_002039	{@st66b}情報{/}
UI_20160128_002040	{@st66b}業績{/}
UI_20160128_002041	{@st66b}キャラクター設定{/}
UI_20160128_002042	{@st59}コレクション (F11){/}
UI_20160128_002043	使用した%sインベントリから{nl}消え、現在の%sにのみ適用されます。{/}
UI_20160128_002044	{@st66b18}チーム名変更{/}
UI_20160128_002045	{@st66b18}バラック変更{/}
UI_20160128_002046	{@st66}※チーム名変更には150TPが必要です。{/}
UI_20160128_002047	{@st59}希望する名前を入力してください。{/}
UI_20160128_002048	{@st41b}無料TP{/}
UI_20160128_002049	{@st41b}メッセージ{/}
UI_20160128_002050	{@st59}メッセージボックスを開きます{/}
UI_20160128_002051	{@st42}キャラクター{/}
UI_20160128_002052	{@st42}無料TP{/}
UI_20160128_002053	{@st42}イベントTP{/}
UI_20160128_002054	{@st41}メッセージ
UI_20160128_002055	{@st59}クエストのセリフ確認{/}
UI_20160128_002056	{@st59}クエスト放棄{/}
UI_20160128_002057	%sさんが%sを食べました
UI_20160128_002058	{@st66b}看板名変更
UI_20160128_002059	{@st41b}食べる
UI_20160225_002060	チーム倉庫
UI_20160225_002061	{@st59}チーム倉庫を閉じます{/}
UI_20160225_002062	取引可能なアイテムのみ保管可能で、ポテンシャルが1減少します。{nl}チーム倉庫からアイテムを取り出す時は、アイテムの個数と関係なく取引可能回数を1消耗します。
UI_20160225_002063	アイテム受取
UI_20160225_002064	一般 : /s メッセージ{nl}シャウト : /y メッセージ{nl}PT : /p メッセージ{nl}ささやき : /w チーム名 メッセージ{nl}返信 : /r メッセージ{nl} {nl}Tabキーで変換可能
UI_20160225_002065	{@59}閉じる{/}
UI_20160225_002066	挑戦
UI_20160225_002067	進行するかどうかを選択してください
UI_20160225_002068	{@st63_yellow}放棄 :{/}
UI_20160225_002069	報酬を獲得して退場します。
UI_20160225_002070	{@st63_yellow}挑戦 :{/}
UI_20160225_002071	次の階へ移動
UI_20160225_002072	{@st43}遺物収集商{/}
UI_20160225_002073	{@st59}遺物収集商を閉じます{/}
UI_20160225_002074	{@st59b}アイテム交換{nl}'{@st59s} - 大地の塔でアイテムを入手し、交換できる{nl} - アイテムの材料をスロットに入れてから交換実行{nl}{/}
UI_20160225_002075	階
UI_20160225_002076	{@st59}キューブ獲得ウィンドウを閉じます。{/}
UI_20160225_002077	{@st59}アクセサリーを載せてください{/}
UI_20160225_002078	{@st66b}シルバーを使うともう1回開けることができます。{/}
UI_20160225_002079	{@st66b}トークン特典適用時は2回まで可能です。{/}
UI_20160225_002080	{@st41b}回数を全て使い切りました。{/}
UI_20160225_002081	{@st66b}基本情報
UI_20160225_002082	{@st66b}属性
UI_20160225_002083	ギルドマスターがギルドイベントの参加者を募集しています。
UI_20160225_002084	{@st63_yellow}メンバー :{/}
UI_20160225_002085	{@st63}%s人参加 (ログイン %s人中){/}
UI_20160225_002086	{@st63_yellow}位置 :{/}
UI_20160225_002087	コバルトの森
UI_20160225_002088	{@st63_yellow}目標 :{/}
UI_20160225_002089	{@st43}ギルドLv. %s{/}
UI_20160225_002090	{@st66b}成長とランク
UI_20160225_002091	{@st66b}ギルド特性
UI_20160225_002092	ギルド保管箱
UI_20160225_002093	{@st59}ギルド保管箱を閉じます{/}
UI_20160225_002094	* このアイテムはギルドマスターがギルドメンバーに譲ることができ、{nl}そのアイテムは受け取ったギルドメンバーに帰属します。{nl}* アイテムはメッセージ箱から受け取れます。
UI_20160225_002095	{@st41b}魔法付与
UI_20160225_002096	{@st41b}魔法付与スクロール{/}
UI_20160225_002097	{@st59}魔法付与スクロールウィンドウを閉じます。{/}
UI_20160225_002098	{@st66b}魔法付与スクロール 1個を消費します。{/}
UI_20160225_002099	{@st42b}現在のスクロール保有数: %s個{/}
UI_20160225_002100	{@st66b}依頼書{/}
UI_20160225_002101	{@st66b}サルラス修道女院{/}
UI_20160225_002102	{@st66b}大地の塔{/}
UI_20160225_002103	{@st59b}インスタンスダンジョン{nl}'{@st59s}独立したインスタンスゾーンで目標達成のためにPT単位で進行するコンテンツです。{nl}入場前にPTを構成して挑戦したり、自動的にPTを探して挑戦することができます。{nl} - ダンジョン : 各レベル帯のゾーンでダンジョン入場NPCを通じて入場{nl} - 依頼書ミッション : フェディミアン傭兵依頼所の受付係を通じて入場{nl} - サルラス修道女院ミッション : サルラス修道女院にいる修道女ラーサを通じて入場{nl}{/}
UI_20160225_002104	{@st59}インスタンスダンジョンを閉じます{/}
UI_20160225_002105	{@st59}表示/非表示{/}
UI_20160225_002106	{@st45tw2}待機時間{/}
UI_20160225_002107	入札
UI_20160225_002108	残りの入札時間
UI_20160225_002109	アイテムサイコロ
UI_20160225_002110	{@st42}%s特典{/}
UI_20160225_002111	使用したアイテムはインベントリから消え、{nl}全体の%sが初期化されます。{/}
UI_20160225_002112	キャラクター情報ウィンドウで残り時間を確認できます。{/}
UI_20160225_002113	データを受け取っています。
UI_20160225_002114	{@st66b}ランキング{/}
UI_20160225_002115	{@st66b}観戦する
UI_20160225_002116	{@st41b}観戦終了
UI_20160225_002117	　ブルーチーム
UI_20160225_002118	　レッドチーム
UI_20160225_002119	{@59}別のウィンドウで見る{/}
UI_20160225_002120	冒険日誌に登録されました。
UI_20160225_002121	{@st41}交換
UI_20160225_002122	幸せな国へ来てください
UI_20160225_002123	チームバトルリーグ日程
UI_20160225_002124	最近の戦績
UI_20160225_002125	{@st45tw2}類型{/}
UI_20160225_002126	{@st41c}%s名{/}
UI_20160225_002127	{@st41c}%s分{/}
UI_20160225_002128	ミルティスの支配から解放された水晶鉱山で、テンプルシューターがまたゴブリンたちを呼び集めています。{nl}テンプルシューターを退治して水晶鉱山の安全を取り戻しましょう。
UI_20160225_002129	{@st41c}%s枚{/}
UI_20160225_002130	名前とクラス
UI_20160225_002131	{@st41b}更新
UI_20160225_002132	最近開かれた観覧リスト
UI_20160225_002133	観戦する
UI_20160225_002134	{#000000}%s勝{/}
UI_20160225_002135	{@st66b}TBL商店
UI_20160225_002136	一日獲得ポイント
UI_20160225_002137	現在の購入ポイント
UI_20160225_002138	戦績
UI_20160225_002139	保管箱
UI_20160225_002140	%s位
UI_20160225_002141	退治回数 : %s
UI_20160225_002142	ダメージ : %s
UI_20160225_002143	最大バフ適用数増加
UI_20160512_002144	トークンを購入したユーザーだけが利用可能で、取引可能なアイテムを保管することができます。
UI_20160512_002145	{@st42}双方にトークン特典が適用されている場合は{nl}武器アイテムの取引属性は{nl}変更されません。{/}
UI_20160512_002146	{@st41}マイ召喚獣情報
UI_20160512_002147	{@st43}ギルドバトルランキング{/}
UI_20160512_002148	ギルドバトルランキング
UI_20160512_002149	{@st59}ギルドバトルランキングを閉じます。
UI_20160512_002150	{@st66b}リアルタイム順位
UI_20160512_002151	{@st66b}週間順位{/}
UI_20160512_002152	{@st66b}歴代順位{/}
UI_20160512_002153	所属ギルドの順位
UI_20160512_002154	{@sti1}%s 位{/}
UI_20160512_002155	過去の週間順位
UI_20160512_002156	1位
UI_20160512_002157	ギルド報酬リスト
UI_20160512_002158	{@st41}召喚体 : {#ffcc33}%s{/}
UI_20160512_002159	{@st41}必要な破片 : %s個
UI_20160512_002160	攻撃力 : {@st41b}%s
UI_20160512_002161	防御力 : {@st41b}%s
UI_20160512_002162	力 : {@st41b}%s
UI_20160512_002163	体力 : {@st41b}%s
UI_20160512_002164	知能 : {@st41b}%s
UI_20160512_002165	敏捷 : {@st41b}%s
UI_20160512_002166	精神 : {@st41b}%s
UI_20160512_002167	{@st42}ヘアカラー{/}
UI_20160512_002168	{@st42}装着可能な称号{/}
UI_20160512_002169	{@st66b} 環境エフェクト適用
UI_20160512_002170	{@st66b} デッドパーツ適用
UI_20160512_002171	{@st66b} キャラクターシルエット適用
UI_20160512_002172	{@st66b}カメラ振動使用{/}
UI_20160512_002173	チーム情報
UI_20160512_002174	{@st66b}バラック変更{/}
UI_20160512_002175	{@st43}{s26}チームレベル  %s{/}
UI_20160512_002176	{@st66b}チーム情報
UI_20160512_002177	{/}{b}{s20}コンパニオン{/}{s43}{@st43}%s{/}{/}{b}{s20}を本当に削除しますか？{/}
UI_20160512_002178	{/}{b}{s20}削除が完了すると元に戻せません。{/}
UI_20160512_002179	{/}{b}{s20}コンパニオン{/}{s43}{@st43}%s{/}
UI_20160512_002180	{/}{b}{s20}%s秒後に削除されます。{/}
UI_20160512_002181	{s18}{ol}{#ffffcc}いいえ{/}
UI_20160512_002182	{s18}{ol}{#ffffcc}取消{/}
UI_20160512_002183	{@st65}ダメージ量 %s{/}
UI_20160512_002184	{@st65}{s12}達成{/}
UI_20160512_002185	{#2c140c}平均レベル : %s{/}
UI_20160512_002186	{@st41b}参加
UI_20160512_002187	{@st42}キャラクターあいさつ{/}
UI_20160512_002188	[サーバー] ギルド名
UI_20160512_002189	戦績 / 点数
UI_20160512_002190	[結成: %s 戦]
UI_20160512_002191	{#16120e}達成{/}
UI_20160512_002192	ダメージ量 : %s
UI_20160512_002193	{@sti9}討伐数
UI_20160512_002194	{@sti9}威力
UI_20160622_002195	チャットウィンドウ簡略化
UI_20160622_002196	最新のチャットへ移動
UI_20160622_002197	{@st43}イベント商店{/}
UI_20160622_002198	{@st59}イベント商店を閉じます{/}
UI_20160622_002199	{@st42}双方にトークン特典が適用されている場合は{nl}装備アイテムの取引属性は変更されません。{nl}{#FFFF00}消費や材料アイテムはトークンに関係なく{nl}取引不可となります。{/}
UI_20160622_002200	{@st41}ステータス
UI_20160622_002201	{@st59}総合ギルドバトル
UI_20160622_002202	{@st43}総合ギルドバトルランキング{/}
UI_20160622_002203	総合ギルドバトルランキング
UI_20160622_002204	{@st59}総合ギルドバトルランキングを閉じます。
UI_20160622_002205	{@st59b}総合ギルドバトル{nl}{@st59s} - 毎週報酬が支給され、ランキングがリセットされます。{nl}- 報酬の詳細は報酬リストをご確認ください。{nl}{/}
UI_20160622_002206	{@st66b}%s位{/}
UI_20160622_002207	{@sti8}{s18}{ds}参加したギルドメンバー (%s){/}
UI_20160622_002208	{@st41}拒否したギルドメンバー{/}
UI_20160622_002209	{@st66d}%s名参加(ログイン%s命中){/}
UI_20160622_002210	{@st59}レンズ{/}
UI_20160622_002211	{@st41}供物の材料
UI_20160622_002212	{@st66b}スキル操作速度(%s){/}
UI_20160622_002213	{@st66b}他のキャラクターのエフェクトを見る{/}
UI_20160622_002214	{@st66b}環境エフェクト適用{/}
UI_20160622_002215	{@st59}背景グラフィックの環境エフェクトを表示します。{/}
UI_20160622_002216	{@st66b}小型、中型モンスターデッドパーツ適用{/}
UI_20160622_002217	{@st59}モンスター討伐時に破片を表示します。{/}
UI_20160622_002218	{@st66b}キャラクターシルエット適用{/}
UI_20160622_002219	{@st59}キャラクターが背景の後ろにいる時、シルエットで表示します。{/}
UI_20160622_002220	{s15}%sを使用しますか？{/}
UI_20160622_002221	使用制限：%s
UI_20160622_002222	日時分秒
UI_20160622_002223	{@st42b}シャウレイ{/}
UI_20160622_002224	{#000000}点数{/}
UI_20160622_002225	{#000000}%s点{/}
UI_20160622_002226	{@st42}ギルド戦争
UI_20160622_002227	総合ギルドバトル順位
UI_20160622_002228	中立宣言
UI_20160718_002229	{@st41}すぐにゾーンへ移動
UI_20160718_002230	{@st46}ギルドバトル結果{/}
UI_20160718_002231	{@st45tw2}対戦時間{/}
UI_20160718_002232	{@st43b}ギルドタワーHP{/}
UI_20160718_002233	{@sti9}合計キルカウント{/}
UI_20160718_002234	{@stz1}合計デスカウント{/}
UI_20160718_002235	{@sti1c}戦績{/}
UI_20160718_002236	{@sti6}%s勝 {@sti7}%s敗{/}
UI_20160718_002237	{@sti9}%s勝 {@sti6}%s敗{/}
UI_20160718_002238	{@st45tw2}キルランキング3
UI_20160718_002239	{@st45tw2}名前
UI_20160718_002240	{@st45tw2}キル
UI_20160718_002241	{@st45tw2}デス
UI_20160718_002242	TPチャージ
UI_20160718_002243	{@st42}TPチャージ
UI_20160718_002244	{@st43}{s22}スチームインベントリアイテム
UI_20160718_002245	支給TP
UI_20160718_002246	{@st49}使用{/}
UI_20160718_002247	{@st41}通報{/}
UI_20160718_002248	贈与取引の疑いがあるアイテムを通報します。
UI_20160722_002249	{@st42}アイテム{/}
UI_20160722_002250	{@st42}{img silver 20 20}保管金額{/}
UI_20160722_002251	{@st66b}{img in_arrow 20 20}入金
UI_20160722_002252	{@st59}入金します。{/}
UI_20160722_002253	{@st66b}{img chul_arrow 20 20}出金
UI_20160722_002254	{@st59}出金します。{/}
UI_20160722_002255	{@st42b}{img silver 20 20}金額{/}
UI_20160722_002256	現在の待機人数：
UI_20160722_002257	情報を読み込んでいます。
UI_20160722_002258	{@st59}製作UIを閉じます。{/}